"scenario","rep","method","ci_type","coef_coverage","joint_coverage","mean_width","theta_mse","boot_ok"
"exp",1,"LSE","classical-normal",0.833333333333333,0,0.161827170513708,0.00240806768354821,NA
"exp",1,"LSE","bootstrap-normal",0.833333333333333,0,0.154031662348431,0.00240806768354821,1
"exp",1,"LSE","bootstrap-percentile",0.833333333333333,0,0.140667188377805,0.00240806768354821,1
"exp",1,"PMM","bootstrap-normal",0.833333333333333,0,0.128407395512757,0.00221608911482898,1
"exp",1,"PMM","bootstrap-percentile",0.666666666666667,0,0.119154239444485,0.00221608911482898,1
"exp",1,"Huber","bootstrap-normal",0.666666666666667,0,0.140513520563358,0.00990118046571864,1
"exp",1,"Huber","bootstrap-percentile",0.666666666666667,0,0.131596975745383,0.00990118046571864,1
"exp",1,"L1","bootstrap-normal",0.666666666666667,0,0.213053661926396,0.0273095682629259,1
"exp",1,"L1","bootstrap-percentile",0.666666666666667,0,0.195524428743927,0.0273095682629259,1
"exp",2,"LSE","classical-normal",1,1,0.147963555542377,0.00168707271436072,NA
"exp",2,"LSE","bootstrap-normal",0.833333333333333,0,0.132624302684513,0.00168707271436072,1
"exp",2,"LSE","bootstrap-percentile",0.833333333333333,0,0.121975094703136,0.00168707271436072,1
"exp",2,"PMM","bootstrap-normal",0.5,0,0.101677401138096,0.00183134948001682,1
"exp",2,"PMM","bootstrap-percentile",0.666666666666667,0,0.098112407632268,0.00183134948001682,1
"exp",2,"Huber","bootstrap-normal",0.5,0,0.113741288977859,0.0039645930940826,1
"exp",2,"Huber","bootstrap-percentile",0.5,0,0.107717651342175,0.0039645930940826,1
"exp",2,"L1","bootstrap-normal",0.833333333333333,0,0.148672372465586,0.00863884735180879,1
"exp",2,"L1","bootstrap-percentile",0.833333333333333,0,0.142881517855626,0.00863884735180879,1
"exp",3,"LSE","classical-normal",1,1,0.166733128142118,0.000643290143325132,NA
"exp",3,"LSE","bootstrap-normal",1,1,0.159082789023353,0.000643290143325132,1
"exp",3,"LSE","bootstrap-percentile",1,1,0.152880866790082,0.000643290143325132,1
"exp",3,"PMM","bootstrap-normal",1,1,0.129712118182741,0.000280599107357519,1
"exp",3,"PMM","bootstrap-percentile",1,1,0.116701253222427,0.000280599107357519,1
"exp",3,"Huber","bootstrap-normal",0.833333333333333,0,0.146513157361809,0.00432971681947937,1
"exp",3,"Huber","bootstrap-percentile",0.833333333333333,0,0.140726556151306,0.00432971681947937,1
"exp",3,"L1","bootstrap-normal",0.833333333333333,0,0.192126085955764,0.013121803761823,1
"exp",3,"L1","bootstrap-percentile",0.833333333333333,0,0.183870629304731,0.013121803761823,1
"exp",4,"LSE","classical-normal",1,1,0.180970841350635,0.000663247811627195,NA
"exp",4,"LSE","bootstrap-normal",1,1,0.175587975054228,0.000663247811627195,1
"exp",4,"LSE","bootstrap-percentile",1,1,0.160457989757833,0.000663247811627195,1
"exp",4,"PMM","bootstrap-normal",1,1,0.131441689106626,0.000599596061210549,1
"exp",4,"PMM","bootstrap-percentile",1,1,0.123376026995828,0.000599596061210549,1
"exp",4,"Huber","bootstrap-normal",0.833333333333333,0,0.139605299716807,0.00592151876190593,1
"exp",4,"Huber","bootstrap-percentile",0.833333333333333,0,0.13099964956854,0.00592151876190593,1
"exp",4,"L1","bootstrap-normal",0.833333333333333,0,0.160933381524997,0.021166070124037,1
"exp",4,"L1","bootstrap-percentile",0.833333333333333,0,0.153804160522348,0.021166070124037,1
"exp",5,"LSE","classical-normal",0.833333333333333,0,0.161146441268388,0.0021699076909832,NA
"exp",5,"LSE","bootstrap-normal",0.666666666666667,0,0.168178180861244,0.0021699076909832,1
"exp",5,"LSE","bootstrap-percentile",0.666666666666667,0,0.158759535831742,0.0021699076909832,1
"exp",5,"PMM","bootstrap-normal",1,1,0.214933584610232,0.00124678279893003,1
"exp",5,"PMM","bootstrap-percentile",0.833333333333333,0,0.144372552707657,0.00124678279893003,1
"exp",5,"Huber","bootstrap-normal",0.666666666666667,0,0.147656543790546,0.00395493977350437,1
"exp",5,"Huber","bootstrap-percentile",0.666666666666667,0,0.13861294415651,0.00395493977350437,1
"exp",5,"L1","bootstrap-normal",0.833333333333333,0,0.154981403650872,0.010282161809832,1
"exp",5,"L1","bootstrap-percentile",0.5,0,0.150186537318113,0.010282161809832,1
"exp",6,"LSE","classical-normal",1,1,0.163243729607665,0.00138861369146342,NA
"exp",6,"LSE","bootstrap-normal",0.833333333333333,0,0.163777972786749,0.00138861369146342,1
"exp",6,"LSE","bootstrap-percentile",0.833333333333333,0,0.160895402715993,0.00138861369146342,1
"exp",6,"PMM","bootstrap-normal",1,1,0.115483559739768,0.00176841196559212,1
"exp",6,"PMM","bootstrap-percentile",1,1,0.108430495068381,0.00176841196559212,1
"exp",6,"Huber","bootstrap-normal",0.833333333333333,0,0.132615582282597,0.0102752296178437,1
"exp",6,"Huber","bootstrap-percentile",0.833333333333333,0,0.131036434259457,0.0102752296178437,1
"exp",6,"L1","bootstrap-normal",0.833333333333333,0,0.183030454059932,0.0212245633693342,1
"exp",6,"L1","bootstrap-percentile",0.833333333333333,0,0.162434945415112,0.0212245633693342,1
"exp",7,"LSE","classical-normal",1,1,0.195499765501131,0.00165505607514278,NA
"exp",7,"LSE","bootstrap-normal",1,1,0.181011870219839,0.00165505607514278,1
"exp",7,"LSE","bootstrap-percentile",0.833333333333333,0,0.169889833432362,0.00165505607514278,1
"exp",7,"PMM","bootstrap-normal",1,1,0.135169721618734,0.00130926004363529,1
"exp",7,"PMM","bootstrap-percentile",1,1,0.130553775619819,0.00130926004363529,1
"exp",7,"Huber","bootstrap-normal",0.833333333333333,0,0.140159810626389,0.00348407493311557,1
"exp",7,"Huber","bootstrap-percentile",0.833333333333333,0,0.140243059584483,0.00348407493311557,1
"exp",7,"L1","bootstrap-normal",0.666666666666667,0,0.183342492376909,0.0182828955411677,1
"exp",7,"L1","bootstrap-percentile",0.833333333333333,0,0.172143839559488,0.0182828955411677,1
"exp",8,"LSE","classical-normal",0.666666666666667,0,0.173470940129059,0.00438558915744398,NA
"exp",8,"LSE","bootstrap-normal",0.666666666666667,0,0.162954043617969,0.00438558915744398,1
"exp",8,"LSE","bootstrap-percentile",0.666666666666667,0,0.153485716658987,0.00438558915744398,1
"exp",8,"PMM","bootstrap-normal",1,1,0.173691406696666,0.00214780258015712,1
"exp",8,"PMM","bootstrap-percentile",0.833333333333333,0,0.165446890584752,0.00214780258015712,1
"exp",8,"Huber","bootstrap-normal",0.833333333333333,0,0.145643693721191,0.0152234080053568,1
"exp",8,"Huber","bootstrap-percentile",0.666666666666667,0,0.137754466240153,0.0152234080053568,1
"exp",8,"L1","bootstrap-normal",0.666666666666667,0,0.199005937742547,0.0383942865468933,1
"exp",8,"L1","bootstrap-percentile",0.833333333333333,0,0.185145807672636,0.0383942865468933,1
"exp",9,"LSE","classical-normal",1,1,0.17185914040126,0.000382446553200455,NA
"exp",9,"LSE","bootstrap-normal",1,1,0.17051038324954,0.000382446553200455,1
"exp",9,"LSE","bootstrap-percentile",1,1,0.162479812605731,0.000382446553200455,1
"exp",9,"PMM","bootstrap-normal",1,1,0.135142341829642,0.000840369372767304,1
"exp",9,"PMM","bootstrap-percentile",1,1,0.130751156304716,0.000840369372767304,1
"exp",9,"Huber","bootstrap-normal",0.833333333333333,0,0.152686437504544,0.00531236335176146,1
"exp",9,"Huber","bootstrap-percentile",0.833333333333333,0,0.14722329903189,0.00531236335176146,1
"exp",9,"L1","bootstrap-normal",0.833333333333333,0,0.191720868280614,0.0158945249593628,1
"exp",9,"L1","bootstrap-percentile",0.833333333333333,0,0.184453338213747,0.0158945249593628,1
"exp",10,"LSE","classical-normal",1,1,0.167628454440198,0.00179839762813814,NA
"exp",10,"LSE","bootstrap-normal",0.833333333333333,0,0.158468040366332,0.00179839762813814,1
"exp",10,"LSE","bootstrap-percentile",0.833333333333333,0,0.155432355733423,0.00179839762813814,1
"exp",10,"PMM","bootstrap-normal",1,1,0.132833561808873,0.00059005064956338,1
"exp",10,"PMM","bootstrap-percentile",1,1,0.12585542279873,0.00059005064956338,1
"exp",10,"Huber","bootstrap-normal",0.833333333333333,0,0.136577975797384,0.00453347673033773,1
"exp",10,"Huber","bootstrap-percentile",0.833333333333333,0,0.129260758600066,0.00453347673033773,1
"exp",10,"L1","bootstrap-normal",0.833333333333333,0,0.155209353765575,0.0136548052854418,1
"exp",10,"L1","bootstrap-percentile",0.833333333333333,0,0.15980765543606,0.0136548052854418,1
"exp",11,"LSE","classical-normal",1,1,0.172853622606629,0.00115401209227375,NA
"exp",11,"LSE","bootstrap-normal",1,1,0.18190741546244,0.00115401209227375,1
"exp",11,"LSE","bootstrap-percentile",1,1,0.17690971546287,0.00115401209227375,1
"exp",11,"PMM","bootstrap-normal",1,1,0.159972846410822,0.000260775281334544,1
"exp",11,"PMM","bootstrap-percentile",1,1,0.13703936771836,0.000260775281334544,1
"exp",11,"Huber","bootstrap-normal",0.833333333333333,0,0.147393225666469,0.00643256798380262,1
"exp",11,"Huber","bootstrap-percentile",0.833333333333333,0,0.137975505297094,0.00643256798380262,1
"exp",11,"L1","bootstrap-normal",0.833333333333333,0,0.168818230329494,0.0244022824482748,1
"exp",11,"L1","bootstrap-percentile",0.833333333333333,0,0.163875213881033,0.0244022824482748,1
"exp",12,"LSE","classical-normal",0.833333333333333,0,0.154191349082615,0.00347709933469755,NA
"exp",12,"LSE","bootstrap-normal",0.833333333333333,0,0.137757132770997,0.00347709933469755,1
"exp",12,"LSE","bootstrap-percentile",0.833333333333333,0,0.140801908362133,0.00347709933469755,1
"exp",12,"PMM","bootstrap-normal",0.833333333333333,0,0.108070004151283,0.00166670812417251,1
"exp",12,"PMM","bootstrap-percentile",0.833333333333333,0,0.105500795046435,0.00166670812417251,1
"exp",12,"Huber","bootstrap-normal",0.666666666666667,0,0.113778270033608,0.00765602490277808,1
"exp",12,"Huber","bootstrap-percentile",0.666666666666667,0,0.111309605227742,0.00765602490277808,1
"exp",12,"L1","bootstrap-normal",0.833333333333333,0,0.170730969024076,0.0149128498133787,1
"exp",12,"L1","bootstrap-percentile",0.833333333333333,0,0.161125907962684,0.0149128498133787,1
"exp",13,"LSE","classical-normal",1,1,0.166224179290092,0.00146009599176467,NA
"exp",13,"LSE","bootstrap-normal",0.833333333333333,0,0.151718408174687,0.00146009599176467,1
"exp",13,"LSE","bootstrap-percentile",0.833333333333333,0,0.145636679179324,0.00146009599176467,1
"exp",13,"PMM","bootstrap-normal",0.833333333333333,0,0.122771927564667,0.00187200517472832,1
"exp",13,"PMM","bootstrap-percentile",0.5,0,0.116152055698922,0.00187200517472832,1
"exp",13,"Huber","bootstrap-normal",0.666666666666667,0,0.137667911737122,0.00437557549065445,1
"exp",13,"Huber","bootstrap-percentile",0.666666666666667,0,0.126995821497757,0.00437557549065445,1
"exp",13,"L1","bootstrap-normal",0.666666666666667,0,0.142920770618123,0.016352204026507,1
"exp",13,"L1","bootstrap-percentile",0.5,0,0.135331759550218,0.016352204026507,1
"exp",14,"LSE","classical-normal",1,1,0.164200620316405,0.00057533840173225,NA
"exp",14,"LSE","bootstrap-normal",1,1,0.164753600557547,0.00057533840173225,1
"exp",14,"LSE","bootstrap-percentile",1,1,0.159456798431466,0.00057533840173225,1
"exp",14,"PMM","bootstrap-normal",1,1,0.135281880659513,0.000342114004478961,1
"exp",14,"PMM","bootstrap-percentile",1,1,0.123901052478242,0.000342114004478961,1
"exp",14,"Huber","bootstrap-normal",0.833333333333333,0,0.139840756954802,0.00520672679574617,1
"exp",14,"Huber","bootstrap-percentile",0.833333333333333,0,0.1281364390996,0.00520672679574617,1
"exp",14,"L1","bootstrap-normal",0.833333333333333,0,0.16892894108899,0.0162612888771644,1
"exp",14,"L1","bootstrap-percentile",0.833333333333333,0,0.164333938419235,0.0162612888771644,1
"exp",15,"LSE","classical-normal",1,1,0.163808907601472,0.00260561073148932,NA
"exp",15,"LSE","bootstrap-normal",1,1,0.156222863194879,0.00260561073148932,1
"exp",15,"LSE","bootstrap-percentile",0.833333333333333,0,0.144091816937807,0.00260561073148932,1
"exp",15,"PMM","bootstrap-normal",0.833333333333333,0,0.120179486048553,0.0018175616653533,1
"exp",15,"PMM","bootstrap-percentile",0.666666666666667,0,0.112216086934031,0.0018175616653533,1
"exp",15,"Huber","bootstrap-normal",0.666666666666667,0,0.136602396176194,0.00857632337632291,1
"exp",15,"Huber","bootstrap-percentile",0.666666666666667,0,0.128970063980934,0.00857632337632291,1
"exp",15,"L1","bootstrap-normal",0.666666666666667,0,0.137197942586542,0.020489501806888,1
"exp",15,"L1","bootstrap-percentile",0.666666666666667,0,0.13929923198674,0.020489501806888,1
"exp",16,"LSE","classical-normal",0.833333333333333,0,0.159916670877623,0.00211585777919289,NA
"exp",16,"LSE","bootstrap-normal",0.833333333333333,0,0.151763308829186,0.00211585777919289,1
"exp",16,"LSE","bootstrap-percentile",0.833333333333333,0,0.148052069123258,0.00211585777919289,1
"exp",16,"PMM","bootstrap-normal",0.833333333333333,0,0.112158073383353,0.00182870947123038,1
"exp",16,"PMM","bootstrap-percentile",0.833333333333333,0,0.109438171789241,0.00182870947123038,1
"exp",16,"Huber","bootstrap-normal",0.666666666666667,0,0.118822230862627,0.00620832987219219,1
"exp",16,"Huber","bootstrap-percentile",0.666666666666667,0,0.116597052588025,0.00620832987219219,1
"exp",16,"L1","bootstrap-normal",0.666666666666667,0,0.12040363813508,0.0195203102065309,1
"exp",16,"L1","bootstrap-percentile",0.666666666666667,0,0.122737262714783,0.0195203102065309,1
"exp",17,"LSE","classical-normal",0.666666666666667,0,0.148832628504046,0.00310250530082594,NA
"exp",17,"LSE","bootstrap-normal",0.666666666666667,0,0.161524004383717,0.00310250530082594,1
"exp",17,"LSE","bootstrap-percentile",0.666666666666667,0,0.151638744465763,0.00310250530082594,1
"exp",17,"PMM","bootstrap-normal",1,1,1.01990959567093,0.00132258689189937,1
"exp",17,"PMM","bootstrap-percentile",0.833333333333333,0,0.128837301103441,0.00132258689189937,1
"exp",17,"Huber","bootstrap-normal",0.5,0,0.134362377094731,0.0062015743176646,1
"exp",17,"Huber","bootstrap-percentile",0.5,0,0.125627723919762,0.0062015743176646,1
"exp",17,"L1","bootstrap-normal",0.333333333333333,0,0.135110529626451,0.0187676236047605,1
"exp",17,"L1","bootstrap-percentile",0.333333333333333,0,0.122530986154243,0.0187676236047605,1
"exp",18,"LSE","classical-normal",1,1,0.165647391717378,0.000707820718114296,NA
"exp",18,"LSE","bootstrap-normal",1,1,0.15229771231218,0.000707820718114296,1
"exp",18,"LSE","bootstrap-percentile",1,1,0.149701497684309,0.000707820718114296,1
"exp",18,"PMM","bootstrap-normal",1,1,0.11198992012179,0.000380858845026959,1
"exp",18,"PMM","bootstrap-percentile",1,1,0.104095491602344,0.000380858845026959,1
"exp",18,"Huber","bootstrap-normal",0.833333333333333,0,0.120834390436116,0.00513988602859505,1
"exp",18,"Huber","bootstrap-percentile",0.833333333333333,0,0.112327724486366,0.00513988602859505,1
"exp",18,"L1","bootstrap-normal",0.833333333333333,0,0.148555451097675,0.0124226962957233,1
"exp",18,"L1","bootstrap-percentile",0.833333333333333,0,0.144461093217466,0.0124226962957233,1
"exp",19,"LSE","classical-normal",1,1,0.174906804726786,0.001386476343182,NA
"exp",19,"LSE","bootstrap-normal",1,1,0.170500862142767,0.001386476343182,1
"exp",19,"LSE","bootstrap-percentile",1,1,0.154361740608544,0.001386476343182,1
"exp",19,"PMM","bootstrap-normal",1,1,0.112618897651757,0.000474574171791946,1
"exp",19,"PMM","bootstrap-percentile",1,1,0.106984488182276,0.000474574171791946,1
"exp",19,"Huber","bootstrap-normal",0.833333333333333,0,0.112036609584024,0.00845412201917533,1
"exp",19,"Huber","bootstrap-percentile",0.833333333333333,0,0.107717342792642,0.00845412201917533,1
"exp",19,"L1","bootstrap-normal",0.833333333333333,0,0.13223184876831,0.0223486479561692,1
"exp",19,"L1","bootstrap-percentile",0.833333333333333,0,0.120590429626412,0.0223486479561692,1
"exp",20,"LSE","classical-normal",1,1,0.159358973058867,0.00153998370446547,NA
"exp",20,"LSE","bootstrap-normal",1,1,0.160693519120597,0.00153998370446547,1
"exp",20,"LSE","bootstrap-percentile",0.833333333333333,0,0.143067466219919,0.00153998370446547,1
"exp",20,"PMM","bootstrap-normal",1,1,0.128758545946237,0.00104342378475605,1
"exp",20,"PMM","bootstrap-percentile",1,1,0.117088515727406,0.00104342378475605,1
"exp",20,"Huber","bootstrap-normal",0.833333333333333,0,0.156745677739038,0.00618317484183539,1
"exp",20,"Huber","bootstrap-percentile",0.833333333333333,0,0.151040043495243,0.00618317484183539,1
"exp",20,"L1","bootstrap-normal",0.833333333333333,0,0.204221373824908,0.0195217914192801,1
"exp",20,"L1","bootstrap-percentile",0.833333333333333,0,0.187919251873651,0.0195217914192801,1
"exp",21,"LSE","classical-normal",0.833333333333333,0,0.182099033762327,0.00302872037816571,NA
"exp",21,"LSE","bootstrap-normal",1,1,0.187405826152152,0.00302872037816571,1
"exp",21,"LSE","bootstrap-percentile",1,1,0.180335508619108,0.00302872037816571,1
"exp",21,"PMM","bootstrap-normal",1,1,0.138087362300465,0.00234812609118684,1
"exp",21,"PMM","bootstrap-percentile",0.833333333333333,0,0.12969855863099,0.00234812609118684,1
"exp",21,"Huber","bootstrap-normal",0.666666666666667,0,0.141186486151541,0.0178417046250728,1
"exp",21,"Huber","bootstrap-percentile",0.666666666666667,0,0.138352931162858,0.0178417046250728,1
"exp",21,"L1","bootstrap-normal",0.833333333333333,0,0.163035209872883,0.0361508844053818,1
"exp",21,"L1","bootstrap-percentile",0.666666666666667,0,0.160586047148149,0.0361508844053818,1
"exp",22,"LSE","classical-normal",1,1,0.177409226288066,0.000227062572870287,NA
"exp",22,"LSE","bootstrap-normal",1,1,0.169942963470722,0.000227062572870287,1
"exp",22,"LSE","bootstrap-percentile",1,1,0.15805968194804,0.000227062572870287,1
"exp",22,"PMM","bootstrap-normal",1,1,0.126889607605858,0.000521812530017446,1
"exp",22,"PMM","bootstrap-percentile",1,1,0.127927547559121,0.000521812530017446,1
"exp",22,"Huber","bootstrap-normal",0.833333333333333,0,0.141637206656283,0.00380473675447826,1
"exp",22,"Huber","bootstrap-percentile",0.833333333333333,0,0.137514348602673,0.00380473675447826,1
"exp",22,"L1","bootstrap-normal",0.833333333333333,0,0.181710212331234,0.0174372487435918,1
"exp",22,"L1","bootstrap-percentile",0.833333333333333,0,0.173468340787462,0.0174372487435918,1
"exp",23,"LSE","classical-normal",0.666666666666667,0,0.182956607417859,0.00341569841347495,NA
"exp",23,"LSE","bootstrap-normal",0.833333333333333,0,0.172841222892393,0.00341569841347495,1
"exp",23,"LSE","bootstrap-percentile",0.666666666666667,0,0.172572410602427,0.00341569841347495,1
"exp",23,"PMM","bootstrap-normal",1,1,0.135933983616336,0.000907702958664259,1
"exp",23,"PMM","bootstrap-percentile",1,1,0.13191853453076,0.000907702958664259,1
"exp",23,"Huber","bootstrap-normal",0.833333333333333,0,0.136484695842967,0.00779355919173929,1
"exp",23,"Huber","bootstrap-percentile",0.833333333333333,0,0.128367889978394,0.00779355919173929,1
"exp",23,"L1","bootstrap-normal",0.833333333333333,0,0.18396507380795,0.0173780635465435,1
"exp",23,"L1","bootstrap-percentile",0.833333333333333,0,0.177012344847996,0.0173780635465435,1
"exp",24,"LSE","classical-normal",1,1,0.155705627293699,0.00150805026493926,NA
"exp",24,"LSE","bootstrap-normal",1,1,0.15067980671798,0.00150805026493926,1
"exp",24,"LSE","bootstrap-percentile",0.833333333333333,0,0.144783545549854,0.00150805026493926,1
"exp",24,"PMM","bootstrap-normal",1,1,0.110583395278792,0.000898968780952544,1
"exp",24,"PMM","bootstrap-percentile",1,1,0.107334103733077,0.000898968780952544,1
"exp",24,"Huber","bootstrap-normal",1,1,0.130389938079204,0.00255894396598411,1
"exp",24,"Huber","bootstrap-percentile",0.666666666666667,0,0.119470434222825,0.00255894396598411,1
"exp",24,"L1","bootstrap-normal",0.833333333333333,0,0.165593026423723,0.013630730743941,1
"exp",24,"L1","bootstrap-percentile",0.833333333333333,0,0.152731033952778,0.013630730743941,1
"exp",25,"LSE","classical-normal",0.833333333333333,0,0.181669344604292,0.00356170637055931,NA
"exp",25,"LSE","bootstrap-normal",0.833333333333333,0,0.196015326188767,0.00356170637055931,1
"exp",25,"LSE","bootstrap-percentile",0.833333333333333,0,0.184542376295833,0.00356170637055931,1
"exp",25,"PMM","bootstrap-normal",0.833333333333333,0,0.142389650344208,0.0015839470672522,1
"exp",25,"PMM","bootstrap-percentile",0.833333333333333,0,0.137916403796697,0.0015839470672522,1
"exp",25,"Huber","bootstrap-normal",0.666666666666667,0,0.171585951205443,0.0104133112274404,1
"exp",25,"Huber","bootstrap-percentile",0.666666666666667,0,0.160303017501812,0.0104133112274404,1
"exp",25,"L1","bootstrap-normal",0.666666666666667,0,0.196233666980941,0.0314768706927822,1
"exp",25,"L1","bootstrap-percentile",0.666666666666667,0,0.178675700481117,0.0314768706927822,1
"exp",26,"LSE","classical-normal",1,1,0.168907853074794,0.00223167418024053,NA
"exp",26,"LSE","bootstrap-normal",1,1,0.162609100467566,0.00223167418024053,1
"exp",26,"LSE","bootstrap-percentile",1,1,0.155237311864742,0.00223167418024053,1
"exp",26,"PMM","bootstrap-normal",1,1,0.109955114915928,0.00129840932810394,1
"exp",26,"PMM","bootstrap-percentile",1,1,0.107378095292584,0.00129840932810394,1
"exp",26,"Huber","bootstrap-normal",0.833333333333333,0,0.121984101241351,0.0128417214893437,1
"exp",26,"Huber","bootstrap-percentile",0.833333333333333,0,0.120139346695178,0.0128417214893437,1
"exp",26,"L1","bootstrap-normal",0.833333333333333,0,0.193452983330368,0.0329499770591062,1
"exp",26,"L1","bootstrap-percentile",0.833333333333333,0,0.1929200299099,0.0329499770591062,1
"exp",27,"LSE","classical-normal",0.833333333333333,0,0.175543019902149,0.00273360209355254,NA
"exp",27,"LSE","bootstrap-normal",0.833333333333333,0,0.165224096107597,0.00273360209355254,1
"exp",27,"LSE","bootstrap-percentile",0.833333333333333,0,0.15901733125485,0.00273360209355254,1
"exp",27,"PMM","bootstrap-normal",0.833333333333333,0,0.126507056842375,0.00130332780177325,1
"exp",27,"PMM","bootstrap-percentile",0.833333333333333,0,0.124166982401706,0.00130332780177325,1
"exp",27,"Huber","bootstrap-normal",0.666666666666667,0,0.141731189295903,0.0103332648257569,1
"exp",27,"Huber","bootstrap-percentile",0.666666666666667,0,0.138668675040881,0.0103332648257569,1
"exp",27,"L1","bootstrap-normal",0.666666666666667,0,0.173896370535975,0.0240364580296706,1
"exp",27,"L1","bootstrap-percentile",0.666666666666667,0,0.159258758797766,0.0240364580296706,1
"exp",28,"LSE","classical-normal",0.833333333333333,0,0.171013209076145,0.0022590996701117,NA
"exp",28,"LSE","bootstrap-normal",0.833333333333333,0,0.155978655980088,0.0022590996701117,1
"exp",28,"LSE","bootstrap-percentile",0.833333333333333,0,0.150326263227948,0.0022590996701117,1
"exp",28,"PMM","bootstrap-normal",0.833333333333333,0,0.129160027397941,0.00157561992523825,1
"exp",28,"PMM","bootstrap-percentile",1,1,0.124548798998397,0.00157561992523825,1
"exp",28,"Huber","bootstrap-normal",0.666666666666667,0,0.141012567634627,0.00868484606184857,1
"exp",28,"Huber","bootstrap-percentile",0.666666666666667,0,0.134547964506879,0.00868484606184857,1
"exp",28,"L1","bootstrap-normal",0.666666666666667,0,0.184044033273305,0.0205075654798526,1
"exp",28,"L1","bootstrap-percentile",0.666666666666667,0,0.185632689751293,0.0205075654798526,1
"exp",29,"LSE","classical-normal",1,1,0.185103989458831,0.000979413549739513,NA
"exp",29,"LSE","bootstrap-normal",1,1,0.201575608789427,0.000979413549739513,1
"exp",29,"LSE","bootstrap-percentile",1,1,0.200586638607113,0.000979413549739513,1
"exp",29,"PMM","bootstrap-normal",1,1,2.79993975654926,0.000829706614870298,1
"exp",29,"PMM","bootstrap-percentile",1,1,0.13498650238559,0.000829706614870298,1
"exp",29,"Huber","bootstrap-normal",0.833333333333333,0,0.156281019202201,0.00464649718619813,1
"exp",29,"Huber","bootstrap-percentile",0.833333333333333,0,0.145247445222007,0.00464649718619813,1
"exp",29,"L1","bootstrap-normal",0.833333333333333,0,0.22318734796744,0.0244399293921271,1
"exp",29,"L1","bootstrap-percentile",0.833333333333333,0,0.224288972091395,0.0244399293921271,1
"exp",30,"LSE","classical-normal",0.833333333333333,0,0.197004879607347,0.00420777906358128,NA
"exp",30,"LSE","bootstrap-normal",0.833333333333333,0,0.200574216545579,0.00420777906358128,1
"exp",30,"LSE","bootstrap-percentile",0.833333333333333,0,0.200735951078875,0.00420777906358128,1
"exp",30,"PMM","bootstrap-normal",1,1,0.14979993380452,0.000496692773037275,1
"exp",30,"PMM","bootstrap-percentile",1,1,0.14524838883212,0.000496692773037275,1
"exp",30,"Huber","bootstrap-normal",0.666666666666667,0,0.157199611995539,0.00774076390771729,1
"exp",30,"Huber","bootstrap-percentile",0.666666666666667,0,0.141904005671893,0.00774076390771729,1
"exp",30,"L1","bootstrap-normal",0.833333333333333,0,0.215898762925174,0.0168657775598796,1
"exp",30,"L1","bootstrap-percentile",0.666666666666667,0,0.190190329717567,0.0168657775598796,1
"exp",31,"LSE","classical-normal",0.833333333333333,0,0.156158103031739,0.00134079816613633,NA
"exp",31,"LSE","bootstrap-normal",0.833333333333333,0,0.165010788295659,0.00134079816613633,1
"exp",31,"LSE","bootstrap-percentile",0.666666666666667,0,0.152009268114589,0.00134079816613633,1
"exp",31,"PMM","bootstrap-normal",1,1,0.113598001462714,0.00066447844889237,1
"exp",31,"PMM","bootstrap-percentile",1,1,0.107903295778274,0.00066447844889237,1
"exp",31,"Huber","bootstrap-normal",0.833333333333333,0,0.123143474486328,0.00601180573855201,1
"exp",31,"Huber","bootstrap-percentile",0.666666666666667,0,0.11924119629969,0.00601180573855201,1
"exp",31,"L1","bootstrap-normal",0.833333333333333,0,0.202488693857772,0.0197119496472337,1
"exp",31,"L1","bootstrap-percentile",0.833333333333333,0,0.186270173610714,0.0197119496472337,1
"exp",32,"LSE","classical-normal",1,1,0.172791389651678,0.00137365115299437,NA
"exp",32,"LSE","bootstrap-normal",1,1,0.176960600441698,0.00137365115299437,1
"exp",32,"LSE","bootstrap-percentile",1,1,0.166478082837852,0.00137365115299437,1
"exp",32,"PMM","bootstrap-normal",1,1,0.273554679208275,0.00133810032747955,1
"exp",32,"PMM","bootstrap-percentile",1,1,0.169063665711026,0.00133810032747955,1
"exp",32,"Huber","bootstrap-normal",0.833333333333333,0,0.132385445518791,0.0100182018893143,1
"exp",32,"Huber","bootstrap-percentile",0.833333333333333,0,0.131820268077643,0.0100182018893143,1
"exp",32,"L1","bootstrap-normal",0.666666666666667,0,0.173078415001833,0.0238771653897909,1
"exp",32,"L1","bootstrap-percentile",0.666666666666667,0,0.159913675970673,0.0238771653897909,1
"exp",33,"LSE","classical-normal",1,1,0.16583901440048,0.00275392752584224,NA
"exp",33,"LSE","bootstrap-normal",1,1,0.162824536059265,0.00275392752584224,1
"exp",33,"LSE","bootstrap-percentile",0.833333333333333,0,0.155344682789117,0.00275392752584224,1
"exp",33,"PMM","bootstrap-normal",1,1,0.122495223614161,0.00103174912029396,1
"exp",33,"PMM","bootstrap-percentile",1,1,0.119746746169361,0.00103174912029396,1
"exp",33,"Huber","bootstrap-normal",1,1,0.141825925801394,0.00131090562548852,1
"exp",33,"Huber","bootstrap-percentile",1,1,0.138758500859308,0.00131090562548852,1
"exp",33,"L1","bootstrap-normal",0.833333333333333,0,0.195216912307634,0.00586795672587607,1
"exp",33,"L1","bootstrap-percentile",0.833333333333333,0,0.170589093265448,0.00586795672587607,1
"exp",34,"LSE","classical-normal",0.833333333333333,0,0.155619096284736,0.00194776972663563,NA
"exp",34,"LSE","bootstrap-normal",0.833333333333333,0,0.154000082342,0.00194776972663563,1
"exp",34,"LSE","bootstrap-percentile",0.666666666666667,0,0.146246722304225,0.00194776972663563,1
"exp",34,"PMM","bootstrap-normal",1,1,0.11696933904002,0.000565679717601671,1
"exp",34,"PMM","bootstrap-percentile",1,1,0.113096107607944,0.000565679717601671,1
"exp",34,"Huber","bootstrap-normal",0.833333333333333,0,0.11025623271228,0.0073296904363393,1
"exp",34,"Huber","bootstrap-percentile",0.833333333333333,0,0.10677490511838,0.0073296904363393,1
"exp",34,"L1","bootstrap-normal",0.833333333333333,0,0.147714826838431,0.0198612882131747,1
"exp",34,"L1","bootstrap-percentile",0.833333333333333,0,0.145610356780699,0.0198612882131747,1
"exp",35,"LSE","classical-normal",0.833333333333333,0,0.166794742745612,0.00241482810891504,NA
"exp",35,"LSE","bootstrap-normal",0.833333333333333,0,0.171477834544979,0.00241482810891504,1
"exp",35,"LSE","bootstrap-percentile",0.833333333333333,0,0.160006937047511,0.00241482810891504,1
"exp",35,"PMM","bootstrap-normal",1,1,0.129967897664474,0.000832338549294838,1
"exp",35,"PMM","bootstrap-percentile",1,1,0.117036549331144,0.000832338549294838,1
"exp",35,"Huber","bootstrap-normal",0.666666666666667,0,0.135264626373908,0.00626450379155879,1
"exp",35,"Huber","bootstrap-percentile",0.666666666666667,0,0.129951835105884,0.00626450379155879,1
"exp",35,"L1","bootstrap-normal",0.666666666666667,0,0.171428084869742,0.0202149542323354,1
"exp",35,"L1","bootstrap-percentile",0.833333333333333,0,0.160507874532707,0.0202149542323354,1
"exp",36,"LSE","classical-normal",0.833333333333333,0,0.136304466871892,0.00164180588257924,NA
"exp",36,"LSE","bootstrap-normal",1,1,0.123164364345527,0.00164180588257924,1
"exp",36,"LSE","bootstrap-percentile",1,1,0.121568475446923,0.00164180588257924,1
"exp",36,"PMM","bootstrap-normal",1,1,0.107993968320603,0.00111114732362972,1
"exp",36,"PMM","bootstrap-percentile",1,1,0.0989177012446021,0.00111114732362972,1
"exp",36,"Huber","bootstrap-normal",0.833333333333333,0,0.115278058094029,0.00709151900301751,1
"exp",36,"Huber","bootstrap-percentile",0.833333333333333,0,0.109420860467049,0.00709151900301751,1
"exp",36,"L1","bootstrap-normal",0.833333333333333,0,0.160947108561254,0.0207533918145309,1
"exp",36,"L1","bootstrap-percentile",0.833333333333333,0,0.156501995797431,0.0207533918145309,1
"exp",37,"LSE","classical-normal",1,1,0.197552990796156,0.00203934662787185,NA
"exp",37,"LSE","bootstrap-normal",1,1,0.194101879675098,0.00203934662787185,1
"exp",37,"LSE","bootstrap-percentile",1,1,0.192741959216615,0.00203934662787185,1
"exp",37,"PMM","bootstrap-normal",1,1,0.126692910948179,0.000390940322375608,1
"exp",37,"PMM","bootstrap-percentile",1,1,0.120212278583419,0.000390940322375608,1
"exp",37,"Huber","bootstrap-normal",0.833333333333333,0,0.122368610397693,0.00415001136077669,1
"exp",37,"Huber","bootstrap-percentile",0.833333333333333,0,0.117351973148077,0.00415001136077669,1
"exp",37,"L1","bootstrap-normal",0.833333333333333,0,0.218329222891068,0.0177455245994614,1
"exp",37,"L1","bootstrap-percentile",0.833333333333333,0,0.203907650356455,0.0177455245994614,1
"exp",38,"LSE","classical-normal",1,1,0.199983934645616,0.000309276447895471,NA
"exp",38,"LSE","bootstrap-normal",1,1,0.171973288086781,0.000309276447895471,1
"exp",38,"LSE","bootstrap-percentile",1,1,0.155825980532954,0.000309276447895471,1
"exp",38,"PMM","bootstrap-normal",1,1,0.137700521573983,0.000163407180326414,1
"exp",38,"PMM","bootstrap-percentile",1,1,0.133684344951288,0.000163407180326414,1
"exp",38,"Huber","bootstrap-normal",0.833333333333333,0,0.136946444144953,0.00859810280694207,1
"exp",38,"Huber","bootstrap-percentile",0.833333333333333,0,0.122453088640441,0.00859810280694207,1
"exp",38,"L1","bootstrap-normal",0.833333333333333,0,0.153228106474085,0.0192365461761205,1
"exp",38,"L1","bootstrap-percentile",0.833333333333333,0,0.145606078597539,0.0192365461761205,1
"exp",39,"LSE","classical-normal",1,1,0.164131606879382,0.00160228264181677,NA
"exp",39,"LSE","bootstrap-normal",1,1,0.172153336449783,0.00160228264181677,1
"exp",39,"LSE","bootstrap-percentile",1,1,0.15908204092346,0.00160228264181677,1
"exp",39,"PMM","bootstrap-normal",1,1,0.119650852035975,0.000437458033179889,1
"exp",39,"PMM","bootstrap-percentile",1,1,0.113802855929661,0.000437458033179889,1
"exp",39,"Huber","bootstrap-normal",0.833333333333333,0,0.140551255570984,0.00950157603081037,1
"exp",39,"Huber","bootstrap-percentile",0.833333333333333,0,0.133311495881642,0.00950157603081037,1
"exp",39,"L1","bootstrap-normal",0.833333333333333,0,0.1647297363513,0.0281983987314287,1
"exp",39,"L1","bootstrap-percentile",0.833333333333333,0,0.141283164565299,0.0281983987314287,1
"exp",40,"LSE","classical-normal",1,1,0.188250948966911,0.00125440078014749,NA
"exp",40,"LSE","bootstrap-normal",1,1,0.179147653017157,0.00125440078014749,1
"exp",40,"LSE","bootstrap-percentile",1,1,0.172047592112651,0.00125440078014749,1
"exp",40,"PMM","bootstrap-normal",1,1,0.154190539699103,0.000561954851575769,1
"exp",40,"PMM","bootstrap-percentile",1,1,0.147653559404744,0.000561954851575769,1
"exp",40,"Huber","bootstrap-normal",0.833333333333333,0,0.143940399819128,0.00514411234406844,1
"exp",40,"Huber","bootstrap-percentile",0.833333333333333,0,0.138890633993942,0.00514411234406844,1
"exp",40,"L1","bootstrap-normal",0.833333333333333,0,0.180711409993359,0.0172309464065815,1
"exp",40,"L1","bootstrap-percentile",0.833333333333333,0,0.172490954159553,0.0172309464065815,1
"exp",41,"LSE","classical-normal",0.833333333333333,0,0.164551235495772,0.00162446299031457,NA
"exp",41,"LSE","bootstrap-normal",1,1,0.169456330200787,0.00162446299031457,1
"exp",41,"LSE","bootstrap-percentile",0.833333333333333,0,0.153998226844312,0.00162446299031457,1
"exp",41,"PMM","bootstrap-normal",1,1,0.135748091835517,0.000501453401142058,1
"exp",41,"PMM","bootstrap-percentile",1,1,0.129794449612352,0.000501453401142058,1
"exp",41,"Huber","bootstrap-normal",0.833333333333333,0,0.149925168007682,0.00981228383206436,1
"exp",41,"Huber","bootstrap-percentile",0.666666666666667,0,0.135577587291869,0.00981228383206436,1
"exp",41,"L1","bootstrap-normal",0.833333333333333,0,0.197127234744807,0.0260808681029517,1
"exp",41,"L1","bootstrap-percentile",0.833333333333333,0,0.178976447789331,0.0260808681029517,1
"exp",42,"LSE","classical-normal",0.833333333333333,0,0.181898627837428,0.00230099691028892,NA
"exp",42,"LSE","bootstrap-normal",1,1,0.217340124091323,0.00230099691028892,1
"exp",42,"LSE","bootstrap-percentile",0.833333333333333,0,0.20441035000399,0.00230099691028892,1
"exp",42,"PMM","bootstrap-normal",1,1,0.157021497833999,0.000746283315527669,1
"exp",42,"PMM","bootstrap-percentile",1,1,0.14481747434325,0.000746283315527669,1
"exp",42,"Huber","bootstrap-normal",0.833333333333333,0,0.152361030020075,0.00337876404031195,1
"exp",42,"Huber","bootstrap-percentile",0.833333333333333,0,0.143907756439346,0.00337876404031195,1
"exp",42,"L1","bootstrap-normal",0.833333333333333,0,0.213880654277821,0.0113281554833821,1
"exp",42,"L1","bootstrap-percentile",0.833333333333333,0,0.195167020854647,0.0113281554833821,1
"exp",43,"LSE","classical-normal",1,1,0.159781328779277,0.000808396060547946,NA
"exp",43,"LSE","bootstrap-normal",1,1,0.147974633830895,0.000808396060547946,1
"exp",43,"LSE","bootstrap-percentile",1,1,0.141270044475093,0.000808396060547946,1
"exp",43,"PMM","bootstrap-normal",1,1,0.125213760343719,0.00158947999802833,1
"exp",43,"PMM","bootstrap-percentile",1,1,0.116638311178111,0.00158947999802833,1
"exp",43,"Huber","bootstrap-normal",0.833333333333333,0,0.131986958724833,0.00945180461643457,1
"exp",43,"Huber","bootstrap-percentile",0.833333333333333,0,0.12886603483084,0.00945180461643457,1
"exp",43,"L1","bootstrap-normal",0.666666666666667,0,0.173446307239305,0.0273294128328938,1
"exp",43,"L1","bootstrap-percentile",0.833333333333333,0,0.160430939031868,0.0273294128328938,1
"exp",44,"LSE","classical-normal",0.833333333333333,0,0.155729749961855,0.003407430531681,NA
"exp",44,"LSE","bootstrap-normal",1,1,0.165836230303854,0.003407430531681,1
"exp",44,"LSE","bootstrap-percentile",0.666666666666667,0,0.15960580714828,0.003407430531681,1
"exp",44,"PMM","bootstrap-normal",0.833333333333333,0,0.123134127780685,0.00269783946537431,1
"exp",44,"PMM","bootstrap-percentile",1,1,0.117038625117803,0.00269783946537431,1
"exp",44,"Huber","bootstrap-normal",0.833333333333333,0,0.152133741999624,0.0158379630228651,1
"exp",44,"Huber","bootstrap-percentile",0.666666666666667,0,0.142210570723619,0.0158379630228651,1
"exp",44,"L1","bootstrap-normal",0.833333333333333,0,0.206235232451353,0.0336699515931908,1
"exp",44,"L1","bootstrap-percentile",0.833333333333333,0,0.185920596882657,0.0336699515931908,1
"exp",45,"LSE","classical-normal",1,1,0.18312865354363,0.00109172359928048,NA
"exp",45,"LSE","bootstrap-normal",1,1,0.180682835655403,0.00109172359928048,1
"exp",45,"LSE","bootstrap-percentile",1,1,0.172223322492712,0.00109172359928048,1
"exp",45,"PMM","bootstrap-normal",1,1,0.133509865349169,0.000961708952398959,1
"exp",45,"PMM","bootstrap-percentile",0.833333333333333,0,0.120686912817541,0.000961708952398959,1
"exp",45,"Huber","bootstrap-normal",0.833333333333333,0,0.144910175798656,0.00649664974139845,1
"exp",45,"Huber","bootstrap-percentile",0.833333333333333,0,0.13641747272758,0.00649664974139845,1
"exp",45,"L1","bootstrap-normal",0.833333333333333,0,0.193727591146363,0.0145438450927812,1
"exp",45,"L1","bootstrap-percentile",0.833333333333333,0,0.18210565982077,0.0145438450927812,1
"exp",46,"LSE","classical-normal",1,1,0.174869742175931,0.00287271042859769,NA
"exp",46,"LSE","bootstrap-normal",1,1,0.193611229504117,0.00287271042859769,1
"exp",46,"LSE","bootstrap-percentile",1,1,0.188379679579116,0.00287271042859769,1
"exp",46,"PMM","bootstrap-normal",1,1,0.155097419442279,0.000424336153651134,1
"exp",46,"PMM","bootstrap-percentile",1,1,0.14815668094371,0.000424336153651134,1
"exp",46,"Huber","bootstrap-normal",0.833333333333333,0,0.148161184609289,0.00799897005677193,1
"exp",46,"Huber","bootstrap-percentile",0.833333333333333,0,0.138532010437692,0.00799897005677193,1
"exp",46,"L1","bootstrap-normal",0.833333333333333,0,0.189530063361325,0.0238943993680972,1
"exp",46,"L1","bootstrap-percentile",0.833333333333333,0,0.179157529884057,0.0238943993680972,1
"exp",47,"LSE","classical-normal",1,1,0.15618213568777,0.000556563755167097,NA
"exp",47,"LSE","bootstrap-normal",1,1,0.150259018464972,0.000556563755167097,1
"exp",47,"LSE","bootstrap-percentile",1,1,0.144630449115135,0.000556563755167097,1
"exp",47,"PMM","bootstrap-normal",1,1,0.112573571506995,0.00172174912972117,1
"exp",47,"PMM","bootstrap-percentile",0.833333333333333,0,0.106198244197634,0.00172174912972117,1
"exp",47,"Huber","bootstrap-normal",0.833333333333333,0,0.125356062038178,0.00904630078810721,1
"exp",47,"Huber","bootstrap-percentile",0.833333333333333,0,0.11877035932575,0.00904630078810721,1
"exp",47,"L1","bootstrap-normal",0.833333333333333,0,0.176031103519804,0.025638597706006,1
"exp",47,"L1","bootstrap-percentile",0.833333333333333,0,0.169356198528503,0.025638597706006,1
"exp",48,"LSE","classical-normal",1,1,0.171067027221995,0.000740705946424218,NA
"exp",48,"LSE","bootstrap-normal",1,1,0.164670092294094,0.000740705946424218,1
"exp",48,"LSE","bootstrap-percentile",1,1,0.161275983791807,0.000740705946424218,1
"exp",48,"PMM","bootstrap-normal",1,1,0.114873667986549,0.000248341102835909,1
"exp",48,"PMM","bootstrap-percentile",1,1,0.107736945289993,0.000248341102835909,1
"exp",48,"Huber","bootstrap-normal",0.833333333333333,0,0.142929333597945,0.00459385340068835,1
"exp",48,"Huber","bootstrap-percentile",0.833333333333333,0,0.136479444397826,0.00459385340068835,1
"exp",48,"L1","bootstrap-normal",0.833333333333333,0,0.157944047735613,0.0155403768273719,1
"exp",48,"L1","bootstrap-percentile",0.833333333333333,0,0.150909594132026,0.0155403768273719,1
"exp",49,"LSE","classical-normal",0.833333333333333,0,0.163806165451971,0.00301032365665821,NA
"exp",49,"LSE","bootstrap-normal",0.833333333333333,0,0.159815042295232,0.00301032365665821,1
"exp",49,"LSE","bootstrap-percentile",0.833333333333333,0,0.15078071917052,0.00301032365665821,1
"exp",49,"PMM","bootstrap-normal",1,1,33.2572357794809,0.0017093819363038,1
"exp",49,"PMM","bootstrap-percentile",1,1,0.152125543038488,0.0017093819363038,1
"exp",49,"Huber","bootstrap-normal",0.833333333333333,0,0.133839535380887,0.0117832558464848,1
"exp",49,"Huber","bootstrap-percentile",0.833333333333333,0,0.121917397120312,0.0117832558464848,1
"exp",49,"L1","bootstrap-normal",0.833333333333333,0,0.195760374071396,0.025944910614796,1
"exp",49,"L1","bootstrap-percentile",0.833333333333333,0,0.187346735461811,0.025944910614796,1
"exp",50,"LSE","classical-normal",0.833333333333333,0,0.175431016803174,0.00253468530257934,NA
"exp",50,"LSE","bootstrap-normal",0.833333333333333,0,0.15888160085034,0.00253468530257934,1
"exp",50,"LSE","bootstrap-percentile",0.833333333333333,0,0.156026239008922,0.00253468530257934,1
"exp",50,"PMM","bootstrap-normal",0.833333333333333,0,0.11913928339839,0.00114805012022227,1
"exp",50,"PMM","bootstrap-percentile",0.833333333333333,0,0.111664625306295,0.00114805012022227,1
"exp",50,"Huber","bootstrap-normal",0.666666666666667,0,0.116021363593795,0.00318268414115937,1
"exp",50,"Huber","bootstrap-percentile",0.666666666666667,0,0.106672762282434,0.00318268414115937,1
"exp",50,"L1","bootstrap-normal",0.833333333333333,0,0.184113021485025,0.0117712416996535,1
"exp",50,"L1","bootstrap-percentile",0.833333333333333,0,0.170303166365921,0.0117712416996535,1
"exp",51,"LSE","classical-normal",0.833333333333333,0,0.168490364585744,0.00188143618382969,NA
"exp",51,"LSE","bootstrap-normal",0.833333333333333,0,0.159555251609713,0.00188143618382969,1
"exp",51,"LSE","bootstrap-percentile",0.833333333333333,0,0.152788403892506,0.00188143618382969,1
"exp",51,"PMM","bootstrap-normal",0.833333333333333,0,0.122791922997429,0.00160854344758104,1
"exp",51,"PMM","bootstrap-percentile",0.833333333333333,0,0.121382975367024,0.00160854344758104,1
"exp",51,"Huber","bootstrap-normal",0.666666666666667,0,0.117085413324238,0.00365234312174252,1
"exp",51,"Huber","bootstrap-percentile",0.666666666666667,0,0.103832480904324,0.00365234312174252,1
"exp",51,"L1","bootstrap-normal",0.833333333333333,0,0.15276192531278,0.0147215235332874,1
"exp",51,"L1","bootstrap-percentile",0.833333333333333,0,0.147237090326974,0.0147215235332874,1
"exp",52,"LSE","classical-normal",1,1,0.189703711315216,0.00218746965199446,NA
"exp",52,"LSE","bootstrap-normal",1,1,0.182896404474348,0.00218746965199446,1
"exp",52,"LSE","bootstrap-percentile",1,1,0.169425223041512,0.00218746965199446,1
"exp",52,"PMM","bootstrap-normal",1,1,0.126101108436272,0.00112310170525535,1
"exp",52,"PMM","bootstrap-percentile",1,1,0.120196347156031,0.00112310170525535,1
"exp",52,"Huber","bootstrap-normal",1,1,0.148511693445585,0.0018939280513611,1
"exp",52,"Huber","bootstrap-percentile",0.833333333333333,0,0.139599710860477,0.0018939280513611,1
"exp",52,"L1","bootstrap-normal",0.833333333333333,0,0.214973951606573,0.0098008813010364,1
"exp",52,"L1","bootstrap-percentile",0.833333333333333,0,0.208425633024695,0.0098008813010364,1
"exp",53,"LSE","classical-normal",1,1,0.172586930630237,0.000785723423381894,NA
"exp",53,"LSE","bootstrap-normal",0.833333333333333,0,0.151951459816556,0.000785723423381894,1
"exp",53,"LSE","bootstrap-percentile",0.833333333333333,0,0.14200684476761,0.000785723423381894,1
"exp",53,"PMM","bootstrap-normal",1,1,0.12407724224838,0.000449445109058887,1
"exp",53,"PMM","bootstrap-percentile",1,1,0.11426182004624,0.000449445109058887,1
"exp",53,"Huber","bootstrap-normal",0.833333333333333,0,0.141284660362884,0.00462817290671375,1
"exp",53,"Huber","bootstrap-percentile",0.833333333333333,0,0.13443645853383,0.00462817290671375,1
"exp",53,"L1","bootstrap-normal",0.833333333333333,0,0.176748410856319,0.0182139959353998,1
"exp",53,"L1","bootstrap-percentile",0.833333333333333,0,0.171354731246314,0.0182139959353998,1
"exp",54,"LSE","classical-normal",0.833333333333333,0,0.199526881870757,0.00667406484280888,NA
"exp",54,"LSE","bootstrap-normal",0.833333333333333,0,0.207452490855255,0.00667406484280888,1
"exp",54,"LSE","bootstrap-percentile",0.666666666666667,0,0.195987179076213,0.00667406484280888,1
"exp",54,"PMM","bootstrap-normal",0.833333333333333,0,0.154765655035673,0.00395003136142503,1
"exp",54,"PMM","bootstrap-percentile",0.833333333333333,0,0.149954277020643,0.00395003136142503,1
"exp",54,"Huber","bootstrap-normal",1,1,0.15983413772274,0.000658984857528371,1
"exp",54,"Huber","bootstrap-percentile",0.833333333333333,0,0.151351207594021,0.000658984857528371,1
"exp",54,"L1","bootstrap-normal",0.833333333333333,0,0.198797858295017,0.00635175470313763,1
"exp",54,"L1","bootstrap-percentile",0.833333333333333,0,0.188896899276862,0.00635175470313763,1
"exp",55,"LSE","classical-normal",1,1,0.157032241876949,0.0029496067328803,NA
"exp",55,"LSE","bootstrap-normal",1,1,0.147297499417826,0.0029496067328803,1
"exp",55,"LSE","bootstrap-percentile",0.666666666666667,0,0.146042658533261,0.0029496067328803,1
"exp",55,"PMM","bootstrap-normal",1,1,0.117250873815286,0.00153668659815403,1
"exp",55,"PMM","bootstrap-percentile",1,1,0.1106130426689,0.00153668659815403,1
"exp",55,"Huber","bootstrap-normal",0.833333333333333,0,0.133003734508379,0.0112471466911562,1
"exp",55,"Huber","bootstrap-percentile",0.5,0,0.125709480157645,0.0112471466911562,1
"exp",55,"L1","bootstrap-normal",0.666666666666667,0,0.183234478307525,0.0286818634227242,1
"exp",55,"L1","bootstrap-percentile",0.833333333333333,0,0.173284444057003,0.0286818634227242,1
"exp",56,"LSE","classical-normal",1,1,0.152282182442608,0.000536314446607179,NA
"exp",56,"LSE","bootstrap-normal",1,1,0.142873994342654,0.000536314446607179,1
"exp",56,"LSE","bootstrap-percentile",1,1,0.135950772902445,0.000536314446607179,1
"exp",56,"PMM","bootstrap-normal",1,1,0.122459083269371,0.000742156641277771,1
"exp",56,"PMM","bootstrap-percentile",1,1,0.113922799421489,0.000742156641277771,1
"exp",56,"Huber","bootstrap-normal",0.833333333333333,0,0.136640502194749,0.00467294754231254,1
"exp",56,"Huber","bootstrap-percentile",0.833333333333333,0,0.129873092614851,0.00467294754231254,1
"exp",56,"L1","bootstrap-normal",0.833333333333333,0,0.20051563045569,0.0177888775835556,1
"exp",56,"L1","bootstrap-percentile",0.833333333333333,0,0.193030318254184,0.0177888775835556,1
"exp",57,"LSE","classical-normal",1,1,0.169400889230761,0.000942888505152843,NA
"exp",57,"LSE","bootstrap-normal",1,1,0.178538736379168,0.000942888505152843,1
"exp",57,"LSE","bootstrap-percentile",1,1,0.167341072372422,0.000942888505152843,1
"exp",57,"PMM","bootstrap-normal",1,1,0.17914887520839,0.000879214140269884,1
"exp",57,"PMM","bootstrap-percentile",1,1,0.148755507603976,0.000879214140269884,1
"exp",57,"Huber","bootstrap-normal",0.833333333333333,0,0.141817277107015,0.00413216041906416,1
"exp",57,"Huber","bootstrap-percentile",0.833333333333333,0,0.133721763302357,0.00413216041906416,1
"exp",57,"L1","bootstrap-normal",0.833333333333333,0,0.189301392089397,0.0169548513694298,1
"exp",57,"L1","bootstrap-percentile",0.833333333333333,0,0.176050440710091,0.0169548513694298,1
"exp",58,"LSE","classical-normal",1,1,0.193995316862137,0.00217868839718329,NA
"exp",58,"LSE","bootstrap-normal",1,1,0.188537632048496,0.00217868839718329,1
"exp",58,"LSE","bootstrap-percentile",1,1,0.183521323967348,0.00217868839718329,1
"exp",58,"PMM","bootstrap-normal",1,1,0.135262167875987,0.00121150694772148,1
"exp",58,"PMM","bootstrap-percentile",1,1,0.126543755711014,0.00121150694772148,1
"exp",58,"Huber","bootstrap-normal",0.833333333333333,0,0.130804121577291,0.00339185003602621,1
"exp",58,"Huber","bootstrap-percentile",0.833333333333333,0,0.122368376345367,0.00339185003602621,1
"exp",58,"L1","bootstrap-normal",0.833333333333333,0,0.161049893824104,0.0102258466625419,1
"exp",58,"L1","bootstrap-percentile",0.833333333333333,0,0.148401250657517,0.0102258466625419,1
"exp",59,"LSE","classical-normal",1,1,0.19790690461343,0.0025695084764418,NA
"exp",59,"LSE","bootstrap-normal",1,1,0.190120598013442,0.0025695084764418,1
"exp",59,"LSE","bootstrap-percentile",1,1,0.187987393710196,0.0025695084764418,1
"exp",59,"PMM","bootstrap-normal",1,1,0.165311090797479,0.00174210590188037,1
"exp",59,"PMM","bootstrap-percentile",1,1,0.165770106175717,0.00174210590188037,1
"exp",59,"Huber","bootstrap-normal",1,1,0.150322658728219,0.00156477610439135,1
"exp",59,"Huber","bootstrap-percentile",1,1,0.140154243028788,0.00156477610439135,1
"exp",59,"L1","bootstrap-normal",0.833333333333333,0,0.210248164694315,0.0103899619274534,1
"exp",59,"L1","bootstrap-percentile",0.833333333333333,0,0.202224310133051,0.0103899619274534,1
"exp",60,"LSE","classical-normal",1,1,0.170458055168469,0.00160538436682129,NA
"exp",60,"LSE","bootstrap-normal",1,1,0.171568817071297,0.00160538436682129,1
"exp",60,"LSE","bootstrap-percentile",1,1,0.160247419108054,0.00160538436682129,1
"exp",60,"PMM","bootstrap-normal",1,1,0.130992143177484,0.000991212126238099,1
"exp",60,"PMM","bootstrap-percentile",1,1,0.128480140547111,0.000991212126238099,1
"exp",60,"Huber","bootstrap-normal",0.833333333333333,0,0.127082894000478,0.00662019341859786,1
"exp",60,"Huber","bootstrap-percentile",0.833333333333333,0,0.120335558719614,0.00662019341859786,1
"exp",60,"L1","bootstrap-normal",0.833333333333333,0,0.188044784202911,0.0159353798358239,1
"exp",60,"L1","bootstrap-percentile",0.833333333333333,0,0.190093866350407,0.0159353798358239,1
"uniform",1,"LSE","classical-normal",1,1,0.17961901583233,0.00186273658974496,NA
"uniform",1,"LSE","bootstrap-normal",1,1,0.181909994445311,0.00186273658974496,1
"uniform",1,"LSE","bootstrap-percentile",1,1,0.174951942498174,0.00186273658974496,1
"uniform",1,"PMM","bootstrap-normal",1,1,0.0959820447582076,0.000226195265247509,1
"uniform",1,"PMM","bootstrap-percentile",1,1,0.0915545348630203,0.000226195265247509,1
"uniform",1,"Huber","bootstrap-normal",1,1,0.18577532745743,0.00186273658967774,1
"uniform",1,"Huber","bootstrap-percentile",1,1,0.168766022957409,0.00186273658967774,1
"uniform",1,"L1","bootstrap-normal",1,1,0.341011784642865,0.00777881391745214,1
"uniform",1,"L1","bootstrap-percentile",1,1,0.323037469932945,0.00777881391745214,1
"uniform",2,"LSE","classical-normal",1,1,0.171230266454881,0.00110881067208575,NA
"uniform",2,"LSE","bootstrap-normal",1,1,0.174768154551744,0.00110881067208575,1
"uniform",2,"LSE","bootstrap-percentile",1,1,0.165472601705096,0.00110881067208575,1
"uniform",2,"PMM","bootstrap-normal",1,1,0.103707648213674,0.000315338218214943,1
"uniform",2,"PMM","bootstrap-percentile",1,1,0.102686084794292,0.000315338218214943,1
"uniform",2,"Huber","bootstrap-normal",1,1,0.178029645019606,0.0012280013011805,1
"uniform",2,"Huber","bootstrap-percentile",1,1,0.170063915974221,0.0012280013011805,1
"uniform",2,"L1","bootstrap-normal",1,1,0.293485112622648,0.00129901982233559,1
"uniform",2,"L1","bootstrap-percentile",1,1,0.274083515535372,0.00129901982233559,1
"uniform",3,"LSE","classical-normal",1,1,0.169438725110448,0.00111747282894487,NA
"uniform",3,"LSE","bootstrap-normal",1,1,0.178357526445086,0.00111747282894487,1
"uniform",3,"LSE","bootstrap-percentile",1,1,0.174609275275305,0.00111747282894487,1
"uniform",3,"PMM","bootstrap-normal",1,1,0.122164970470178,0.000160579550006915,1
"uniform",3,"PMM","bootstrap-percentile",1,1,0.107358186683219,0.000160579550006915,1
"uniform",3,"Huber","bootstrap-normal",1,1,0.180306705836579,0.00134824420115011,1
"uniform",3,"Huber","bootstrap-percentile",1,1,0.174305464553182,0.00134824420115011,1
"uniform",3,"L1","bootstrap-normal",1,1,0.319853508314056,0.00170905506005884,1
"uniform",3,"L1","bootstrap-percentile",1,1,0.306823059115471,0.00170905506005884,1
"uniform",4,"LSE","classical-normal",1,1,0.171325198331795,0.00193092513864372,NA
"uniform",4,"LSE","bootstrap-normal",1,1,0.172856226112123,0.00193092513864372,1
"uniform",4,"LSE","bootstrap-percentile",0.833333333333333,0,0.165198699584252,0.00193092513864372,1
"uniform",4,"PMM","bootstrap-normal",1,1,0.124075784376484,0.000395588781492409,1
"uniform",4,"PMM","bootstrap-percentile",1,1,0.121843482243236,0.000395588781492409,1
"uniform",4,"Huber","bootstrap-normal",1,1,0.1884992704402,0.0021295084780316,1
"uniform",4,"Huber","bootstrap-percentile",0.833333333333333,0,0.179350049572656,0.0021295084780316,1
"uniform",4,"L1","bootstrap-normal",1,1,0.328707104058996,0.00287061785608687,1
"uniform",4,"L1","bootstrap-percentile",1,1,0.305185577010385,0.00287061785608687,1
"uniform",5,"LSE","classical-normal",0.666666666666667,0,0.166719980336423,0.0041999648575348,NA
"uniform",5,"LSE","bootstrap-normal",0.833333333333333,0,0.171176594462255,0.0041999648575348,1
"uniform",5,"LSE","bootstrap-percentile",0.833333333333333,0,0.160156136526506,0.0041999648575348,1
"uniform",5,"PMM","bootstrap-normal",1,1,0.096534493993941,0.000356274411046313,1
"uniform",5,"PMM","bootstrap-percentile",1,1,0.0904899565339891,0.000356274411046313,1
"uniform",5,"Huber","bootstrap-normal",0.833333333333333,0,0.175175094352747,0.0043411863910388,1
"uniform",5,"Huber","bootstrap-percentile",0.833333333333333,0,0.1666871110349,0.0043411863910388,1
"uniform",5,"L1","bootstrap-normal",1,1,0.272066752450856,0.00390402828097348,1
"uniform",5,"L1","bootstrap-percentile",0.666666666666667,0,0.249833307708853,0.00390402828097348,1
"uniform",6,"LSE","classical-normal",1,1,0.177423635835713,0.00137083409474208,NA
"uniform",6,"LSE","bootstrap-normal",1,1,0.19270897887088,0.00137083409474208,1
"uniform",6,"LSE","bootstrap-percentile",1,1,0.177185630352811,0.00137083409474208,1
"uniform",6,"PMM","bootstrap-normal",1,1,0.0973620983829217,0.000201880461339527,1
"uniform",6,"PMM","bootstrap-percentile",0.833333333333333,0,0.0908926877237329,0.000201880461339527,1
"uniform",6,"Huber","bootstrap-normal",1,1,0.183135674849625,0.00137083409408335,1
"uniform",6,"Huber","bootstrap-percentile",1,1,0.175129330275744,0.00137083409408335,1
"uniform",6,"L1","bootstrap-normal",1,1,0.305795298818408,0.00564283349151553,1
"uniform",6,"L1","bootstrap-percentile",1,1,0.293023853747664,0.00564283349151553,1
"uniform",7,"LSE","classical-normal",1,1,0.16924957170009,0.000143393941261659,NA
"uniform",7,"LSE","bootstrap-normal",1,1,0.16639441897341,0.000143393941261659,1
"uniform",7,"LSE","bootstrap-percentile",1,1,0.157065270277413,0.000143393941261659,1
"uniform",7,"PMM","bootstrap-normal",1,1,0.096062523070089,0.000427027142496031,1
"uniform",7,"PMM","bootstrap-percentile",1,1,0.0913372188485657,0.000427027142496031,1
"uniform",7,"Huber","bootstrap-normal",1,1,0.19204623589196,0.000156731098738834,1
"uniform",7,"Huber","bootstrap-percentile",1,1,0.188479523505977,0.000156731098738834,1
"uniform",7,"L1","bootstrap-normal",1,1,0.345337900002648,0.00247203834559763,1
"uniform",7,"L1","bootstrap-percentile",1,1,0.31572022611979,0.00247203834559763,1
"uniform",8,"LSE","classical-normal",1,1,0.17037647725587,0.00181383486695663,NA
"uniform",8,"LSE","bootstrap-normal",1,1,0.182937513683009,0.00181383486695663,1
"uniform",8,"LSE","bootstrap-percentile",1,1,0.177354813707413,0.00181383486695663,1
"uniform",8,"PMM","bootstrap-normal",1,1,0.104809809364178,0.000954791819129671,1
"uniform",8,"PMM","bootstrap-percentile",1,1,0.098079419776195,0.000954791819129671,1
"uniform",8,"Huber","bootstrap-normal",1,1,0.189157082356542,0.00186270308898159,1
"uniform",8,"Huber","bootstrap-percentile",1,1,0.179982953106146,0.00186270308898159,1
"uniform",8,"L1","bootstrap-normal",1,1,0.27935860579509,0.00495583436351013,1
"uniform",8,"L1","bootstrap-percentile",1,1,0.277115285844662,0.00495583436351013,1
"uniform",9,"LSE","classical-normal",1,1,0.178524103741781,0.000994631008072099,NA
"uniform",9,"LSE","bootstrap-normal",1,1,0.16615294605677,0.000994631008072099,1
"uniform",9,"LSE","bootstrap-percentile",1,1,0.160605362029852,0.000994631008072099,1
"uniform",9,"PMM","bootstrap-normal",1,1,0.104111749344471,0.000775585907249499,1
"uniform",9,"PMM","bootstrap-percentile",1,1,0.101531025987175,0.000775585907249499,1
"uniform",9,"Huber","bootstrap-normal",1,1,0.186768682100579,0.000995869522369521,1
"uniform",9,"Huber","bootstrap-percentile",1,1,0.184864376489613,0.000995869522369521,1
"uniform",9,"L1","bootstrap-normal",1,1,0.341875824426722,0.000547033554360865,1
"uniform",9,"L1","bootstrap-percentile",1,1,0.314722615855444,0.000547033554360865,1
"uniform",10,"LSE","classical-normal",1,1,0.172986080113475,0.00184016204704872,NA
"uniform",10,"LSE","bootstrap-normal",1,1,0.174339048782851,0.00184016204704872,1
"uniform",10,"LSE","bootstrap-percentile",1,1,0.166378772033469,0.00184016204704872,1
"uniform",10,"PMM","bootstrap-normal",1,1,0.106118269542727,0.000257404512235533,1
"uniform",10,"PMM","bootstrap-percentile",1,1,0.0993696443537976,0.000257404512235533,1
"uniform",10,"Huber","bootstrap-normal",1,1,0.182823108359852,0.00185068750222903,1
"uniform",10,"Huber","bootstrap-percentile",0.833333333333333,0,0.176353350002779,0.00185068750222903,1
"uniform",10,"L1","bootstrap-normal",1,1,0.287982859386853,0.00273509549749643,1
"uniform",10,"L1","bootstrap-percentile",1,1,0.271149693000091,0.00273509549749643,1
"uniform",11,"LSE","classical-normal",1,1,0.163002052858701,0.00155196554200996,NA
"uniform",11,"LSE","bootstrap-normal",1,1,0.159861473555978,0.00155196554200996,1
"uniform",11,"LSE","bootstrap-percentile",1,1,0.150638550944989,0.00155196554200996,1
"uniform",11,"PMM","bootstrap-normal",1,1,0.11573224634291,0.00122889916281071,1
"uniform",11,"PMM","bootstrap-percentile",1,1,0.111020305125096,0.00122889916281071,1
"uniform",11,"Huber","bootstrap-normal",0.833333333333333,0,0.150064685937077,0.00163432518952465,1
"uniform",11,"Huber","bootstrap-percentile",0.833333333333333,0,0.138299854884197,0.00163432518952465,1
"uniform",11,"L1","bootstrap-normal",1,1,0.241865514776392,0.00194515583454495,1
"uniform",11,"L1","bootstrap-percentile",1,1,0.232416778619463,0.00194515583454495,1
"uniform",12,"LSE","classical-normal",1,1,0.169596919314873,0.00169743134100908,NA
"uniform",12,"LSE","bootstrap-normal",1,1,0.17905890446138,0.00169743134100908,1
"uniform",12,"LSE","bootstrap-percentile",1,1,0.165637019483411,0.00169743134100908,1
"uniform",12,"PMM","bootstrap-normal",1,1,0.0911109233233812,0.000314954150331333,1
"uniform",12,"PMM","bootstrap-percentile",1,1,0.0903079953483876,0.000314954150331333,1
"uniform",12,"Huber","bootstrap-normal",1,1,0.169844032199774,0.00173082244953763,1
"uniform",12,"Huber","bootstrap-percentile",0.833333333333333,0,0.156499042335924,0.00173082244953763,1
"uniform",12,"L1","bootstrap-normal",1,1,0.314164982694671,0.00255374968756351,1
"uniform",12,"L1","bootstrap-percentile",0.833333333333333,0,0.287676245632927,0.00255374968756351,1
"uniform",13,"LSE","classical-normal",1,1,0.183947581108869,0.000358770664824443,NA
"uniform",13,"LSE","bootstrap-normal",1,1,0.188093593663893,0.000358770664824443,1
"uniform",13,"LSE","bootstrap-percentile",1,1,0.184532781206764,0.000358770664824443,1
"uniform",13,"PMM","bootstrap-normal",1,1,0.130517264467484,0.000546258833128899,1
"uniform",13,"PMM","bootstrap-percentile",1,1,0.125567250648075,0.000546258833128899,1
"uniform",13,"Huber","bootstrap-normal",1,1,0.1925629481395,0.00039404112236964,1
"uniform",13,"Huber","bootstrap-percentile",1,1,0.182957241072636,0.00039404112236964,1
"uniform",13,"L1","bootstrap-normal",1,1,0.304171959268135,0.00178936348855329,1
"uniform",13,"L1","bootstrap-percentile",1,1,0.291146659517744,0.00178936348855329,1
"uniform",14,"LSE","classical-normal",1,1,0.161466683194025,0.002197289328444,NA
"uniform",14,"LSE","bootstrap-normal",1,1,0.146337371286659,0.002197289328444,1
"uniform",14,"LSE","bootstrap-percentile",1,1,0.139072803765473,0.002197289328444,1
"uniform",14,"PMM","bootstrap-normal",1,1,0.128055465009997,0.000349590106325177,1
"uniform",14,"PMM","bootstrap-percentile",1,1,0.117410100473534,0.000349590106325177,1
"uniform",14,"Huber","bootstrap-normal",1,1,0.166008767099636,0.00240941080025634,1
"uniform",14,"Huber","bootstrap-percentile",1,1,0.160608922757476,0.00240941080025634,1
"uniform",14,"L1","bootstrap-normal",1,1,0.27268775104006,0.00423164252723551,1
"uniform",14,"L1","bootstrap-percentile",1,1,0.274199941062289,0.00423164252723551,1
"uniform",15,"LSE","classical-normal",1,1,0.171794351441308,0.00140674375324241,NA
"uniform",15,"LSE","bootstrap-normal",1,1,0.160688511068032,0.00140674375324241,1
"uniform",15,"LSE","bootstrap-percentile",1,1,0.154196040988049,0.00140674375324241,1
"uniform",15,"PMM","bootstrap-normal",1,1,0.141831463737537,0.00126659457487216,1
"uniform",15,"PMM","bootstrap-percentile",1,1,0.140737934940214,0.00126659457487216,1
"uniform",15,"Huber","bootstrap-normal",1,1,0.187338584880232,0.00168875191283351,1
"uniform",15,"Huber","bootstrap-percentile",1,1,0.176184537026559,0.00168875191283351,1
"uniform",15,"L1","bootstrap-normal",0.833333333333333,0,0.27035952942436,0.00896709873176061,1
"uniform",15,"L1","bootstrap-percentile",0.833333333333333,0,0.25048081213435,0.00896709873176061,1
"uniform",16,"LSE","classical-normal",1,1,0.173710925306464,0.0021247333787697,NA
"uniform",16,"LSE","bootstrap-normal",1,1,0.179016997085254,0.0021247333787697,1
"uniform",16,"LSE","bootstrap-percentile",0.833333333333333,0,0.185282381065904,0.0021247333787697,1
"uniform",16,"PMM","bootstrap-normal",1,1,0.0997055654666694,0.000261136172383542,1
"uniform",16,"PMM","bootstrap-percentile",1,1,0.0950421837693265,0.000261136172383542,1
"uniform",16,"Huber","bootstrap-normal",1,1,0.183845518369426,0.00222633681231803,1
"uniform",16,"Huber","bootstrap-percentile",0.666666666666667,0,0.169043269261377,0.00222633681231803,1
"uniform",16,"L1","bootstrap-normal",1,1,0.313148449120818,0.00326171563305538,1
"uniform",16,"L1","bootstrap-percentile",1,1,0.30540246778643,0.00326171563305538,1
"uniform",17,"LSE","classical-normal",1,1,0.177268116138463,0.00440381042327215,NA
"uniform",17,"LSE","bootstrap-normal",0.833333333333333,0,0.16881275936667,0.00440381042327215,1
"uniform",17,"LSE","bootstrap-percentile",0.833333333333333,0,0.15984236496601,0.00440381042327215,1
"uniform",17,"PMM","bootstrap-normal",0.833333333333333,0,0.112615941160113,0.00237993166380374,1
"uniform",17,"PMM","bootstrap-percentile",0.666666666666667,0,0.108575429319008,0.00237993166380374,1
"uniform",17,"Huber","bootstrap-normal",0.833333333333333,0,0.190388288426852,0.00451261696429621,1
"uniform",17,"Huber","bootstrap-percentile",0.833333333333333,0,0.180341183278686,0.00451261696429621,1
"uniform",17,"L1","bootstrap-normal",1,1,0.301166041331815,0.00456926402172657,1
"uniform",17,"L1","bootstrap-percentile",1,1,0.288855988703398,0.00456926402172657,1
"uniform",18,"LSE","classical-normal",0.666666666666667,0,0.18063680089101,0.00586863366115558,NA
"uniform",18,"LSE","bootstrap-normal",0.833333333333333,0,0.1963822050913,0.00586863366115558,1
"uniform",18,"LSE","bootstrap-percentile",0.833333333333333,0,0.199051413653737,0.00586863366115558,1
"uniform",18,"PMM","bootstrap-normal",0.5,0,0.09716199233164,0.00288090141163109,1
"uniform",18,"PMM","bootstrap-percentile",0.5,0,0.0943459806431523,0.00288090141163109,1
"uniform",18,"Huber","bootstrap-normal",0.833333333333333,0,0.204784792515878,0.00618760965410597,1
"uniform",18,"Huber","bootstrap-percentile",0.666666666666667,0,0.19503358193135,0.00618760965410597,1
"uniform",18,"L1","bootstrap-normal",0.833333333333333,0,0.296271956270896,0.0155081429382224,1
"uniform",18,"L1","bootstrap-percentile",0.833333333333333,0,0.293499163930995,0.0155081429382224,1
"uniform",19,"LSE","classical-normal",1,1,0.170936954812307,0.00142974739683391,NA
"uniform",19,"LSE","bootstrap-normal",1,1,0.161017068982477,0.00142974739683391,1
"uniform",19,"LSE","bootstrap-percentile",1,1,0.154152618798357,0.00142974739683391,1
"uniform",19,"PMM","bootstrap-normal",0.833333333333333,0,0.11111152813778,0.00133282967232386,1
"uniform",19,"PMM","bootstrap-percentile",0.833333333333333,0,0.103598129857702,0.00133282967232386,1
"uniform",19,"Huber","bootstrap-normal",1,1,0.18745098583119,0.00162850481415126,1
"uniform",19,"Huber","bootstrap-percentile",1,1,0.179203208648194,0.00162850481415126,1
"uniform",19,"L1","bootstrap-normal",1,1,0.28509928270441,0.00447374791945201,1
"uniform",19,"L1","bootstrap-percentile",1,1,0.272546710564138,0.00447374791945201,1
"uniform",20,"LSE","classical-normal",1,1,0.169565200713522,0.00195306823445566,NA
"uniform",20,"LSE","bootstrap-normal",1,1,0.174183434664439,0.00195306823445566,1
"uniform",20,"LSE","bootstrap-percentile",1,1,0.164259208742404,0.00195306823445566,1
"uniform",20,"PMM","bootstrap-normal",1,1,0.119293802483713,0.000355977060090765,1
"uniform",20,"PMM","bootstrap-percentile",1,1,0.114563206875146,0.000355977060090765,1
"uniform",20,"Huber","bootstrap-normal",1,1,0.1717790731539,0.00224607230220798,1
"uniform",20,"Huber","bootstrap-percentile",1,1,0.171015774010726,0.00224607230220798,1
"uniform",20,"L1","bootstrap-normal",1,1,0.282157448247958,0.00421610974073651,1
"uniform",20,"L1","bootstrap-percentile",1,1,0.279570364439272,0.00421610974073651,1
"uniform",21,"LSE","classical-normal",0.666666666666667,0,0.169352011974972,0.00412710321649288,NA
"uniform",21,"LSE","bootstrap-normal",0.666666666666667,0,0.17082163768301,0.00412710321649288,1
"uniform",21,"LSE","bootstrap-percentile",0.666666666666667,0,0.156332344231779,0.00412710321649288,1
"uniform",21,"PMM","bootstrap-normal",0.833333333333333,0,0.11666670615232,0.000930247054418308,1
"uniform",21,"PMM","bootstrap-percentile",0.833333333333333,0,0.109667726917224,0.000930247054418308,1
"uniform",21,"Huber","bootstrap-normal",0.666666666666667,0,0.179181769519597,0.0049897012196437,1
"uniform",21,"Huber","bootstrap-percentile",0.666666666666667,0,0.170580413977384,0.0049897012196437,1
"uniform",21,"L1","bootstrap-normal",0.666666666666667,0,0.246283566971909,0.0151806277448943,1
"uniform",21,"L1","bootstrap-percentile",0.666666666666667,0,0.247323579794751,0.0151806277448943,1
"uniform",22,"LSE","classical-normal",1,1,0.177494542686657,0.00265392389682124,NA
"uniform",22,"LSE","bootstrap-normal",0.833333333333333,0,0.165953276916535,0.00265392389682124,1
"uniform",22,"LSE","bootstrap-percentile",0.833333333333333,0,0.150970810766499,0.00265392389682124,1
"uniform",22,"PMM","bootstrap-normal",0.833333333333333,0,0.0963379489956805,0.000973534394707497,1
"uniform",22,"PMM","bootstrap-percentile",0.833333333333333,0,0.0888930690822807,0.000973534394707497,1
"uniform",22,"Huber","bootstrap-normal",0.833333333333333,0,0.177778196712708,0.00273820719863838,1
"uniform",22,"Huber","bootstrap-percentile",0.833333333333333,0,0.16946434958288,0.00273820719863838,1
"uniform",22,"L1","bootstrap-normal",0.833333333333333,0,0.312585662433507,0.00860237558017628,1
"uniform",22,"L1","bootstrap-percentile",1,1,0.293974267254266,0.00860237558017628,1
"uniform",23,"LSE","classical-normal",0.833333333333333,0,0.177519501481843,0.00362299608500827,NA
"uniform",23,"LSE","bootstrap-normal",0.833333333333333,0,0.167704908433866,0.00362299608500827,1
"uniform",23,"LSE","bootstrap-percentile",0.833333333333333,0,0.160179159625218,0.00362299608500827,1
"uniform",23,"PMM","bootstrap-normal",0.833333333333333,0,0.102117967618366,0.00157647610130039,1
"uniform",23,"PMM","bootstrap-percentile",0.666666666666667,0,0.0987939318210578,0.00157647610130039,1
"uniform",23,"Huber","bootstrap-normal",0.833333333333333,0,0.17728637277797,0.00374341577640031,1
"uniform",23,"Huber","bootstrap-percentile",0.833333333333333,0,0.158771181715441,0.00374341577640031,1
"uniform",23,"L1","bootstrap-normal",0.833333333333333,0,0.301594828670317,0.007887210468301,1
"uniform",23,"L1","bootstrap-percentile",1,1,0.281740372397834,0.007887210468301,1
"uniform",24,"LSE","classical-normal",1,1,0.166008322295525,0.00156592912348407,NA
"uniform",24,"LSE","bootstrap-normal",1,1,0.167115190119557,0.00156592912348407,1
"uniform",24,"LSE","bootstrap-percentile",1,1,0.150520824324101,0.00156592912348407,1
"uniform",24,"PMM","bootstrap-normal",1,1,0.113612025459865,0.000176031513365699,1
"uniform",24,"PMM","bootstrap-percentile",1,1,0.112275935477818,0.000176031513365699,1
"uniform",24,"Huber","bootstrap-normal",1,1,0.181483786416017,0.0018244177624581,1
"uniform",24,"Huber","bootstrap-percentile",0.833333333333333,0,0.175363984495817,0.0018244177624581,1
"uniform",24,"L1","bootstrap-normal",1,1,0.256217204086606,0.00453070103597436,1
"uniform",24,"L1","bootstrap-percentile",1,1,0.24175102317424,0.00453070103597436,1
"uniform",25,"LSE","classical-normal",1,1,0.176827917164853,0.00232398371017512,NA
"uniform",25,"LSE","bootstrap-normal",1,1,0.18183554254273,0.00232398371017512,1
"uniform",25,"LSE","bootstrap-percentile",0.833333333333333,0,0.173126077562628,0.00232398371017512,1
"uniform",25,"PMM","bootstrap-normal",0.833333333333333,0,0.0903241489632114,0.00116738828607398,1
"uniform",25,"PMM","bootstrap-percentile",1,1,0.0845428603616918,0.00116738828607398,1
"uniform",25,"Huber","bootstrap-normal",1,1,0.172814240683274,0.00241065727812843,1
"uniform",25,"Huber","bootstrap-percentile",1,1,0.169695080757525,0.00241065727812843,1
"uniform",25,"L1","bootstrap-normal",1,1,0.34519199890189,0.00413146590201114,1
"uniform",25,"L1","bootstrap-percentile",1,1,0.336385865161868,0.00413146590201114,1
"uniform",26,"LSE","classical-normal",1,1,0.175347680301674,0.00172516216757978,NA
"uniform",26,"LSE","bootstrap-normal",1,1,0.175551285589402,0.00172516216757978,1
"uniform",26,"LSE","bootstrap-percentile",1,1,0.165110520288576,0.00172516216757978,1
"uniform",26,"PMM","bootstrap-normal",1,1,0.110100369137564,0.000802787796494391,1
"uniform",26,"PMM","bootstrap-percentile",1,1,0.102726267098137,0.000802787796494391,1
"uniform",26,"Huber","bootstrap-normal",1,1,0.186149945920664,0.00180129820150297,1
"uniform",26,"Huber","bootstrap-percentile",1,1,0.179842497158508,0.00180129820150297,1
"uniform",26,"L1","bootstrap-normal",1,1,0.235497556806852,0.00430347857103342,1
"uniform",26,"L1","bootstrap-percentile",1,1,0.230515238040096,0.00430347857103342,1
"uniform",27,"LSE","classical-normal",1,1,0.173168030780002,0.000833198628023249,NA
"uniform",27,"LSE","bootstrap-normal",1,1,0.163368005433029,0.000833198628023249,1
"uniform",27,"LSE","bootstrap-percentile",1,1,0.155643623013879,0.000833198628023249,1
"uniform",27,"PMM","bootstrap-normal",0.833333333333333,0,0.111556055357635,0.00132209190628521,1
"uniform",27,"PMM","bootstrap-percentile",1,1,0.102123793396898,0.00132209190628521,1
"uniform",27,"Huber","bootstrap-normal",1,1,0.178735213933574,0.000836088860001095,1
"uniform",27,"Huber","bootstrap-percentile",1,1,0.169191690538116,0.000836088860001095,1
"uniform",27,"L1","bootstrap-normal",1,1,0.284491657474652,0.00605390461310687,1
"uniform",27,"L1","bootstrap-percentile",1,1,0.283052286101336,0.00605390461310687,1
"uniform",28,"LSE","classical-normal",1,1,0.169149509912598,0.0019306620843958,NA
"uniform",28,"LSE","bootstrap-normal",1,1,0.178789383222193,0.0019306620843958,1
"uniform",28,"LSE","bootstrap-percentile",1,1,0.168008991194125,0.0019306620843958,1
"uniform",28,"PMM","bootstrap-normal",1,1,0.1119753215317,0.000355055967776494,1
"uniform",28,"PMM","bootstrap-percentile",1,1,0.10345491566077,0.000355055967776494,1
"uniform",28,"Huber","bootstrap-normal",1,1,0.20338762224658,0.00242893473737446,1
"uniform",28,"Huber","bootstrap-percentile",1,1,0.196353119219518,0.00242893473737446,1
"uniform",28,"L1","bootstrap-normal",1,1,0.281272639046041,0.00622818890104886,1
"uniform",28,"L1","bootstrap-percentile",1,1,0.263876344452829,0.00622818890104886,1
"uniform",29,"LSE","classical-normal",1,1,0.178864504561732,0.00125236998866243,NA
"uniform",29,"LSE","bootstrap-normal",1,1,0.172077650253035,0.00125236998866243,1
"uniform",29,"LSE","bootstrap-percentile",0.833333333333333,0,0.154905630534196,0.00125236998866243,1
"uniform",29,"PMM","bootstrap-normal",1,1,0.10222023311665,0.000291246973084242,1
"uniform",29,"PMM","bootstrap-percentile",1,1,0.099732577613148,0.000291246973084242,1
"uniform",29,"Huber","bootstrap-normal",1,1,0.204601884863092,0.00128721483269134,1
"uniform",29,"Huber","bootstrap-percentile",1,1,0.191512999587154,0.00128721483269134,1
"uniform",29,"L1","bootstrap-normal",0.833333333333333,0,0.324382695526539,0.00804483314165005,1
"uniform",29,"L1","bootstrap-percentile",0.833333333333333,0,0.314318625822347,0.00804483314165005,1
"uniform",30,"LSE","classical-normal",1,1,0.172929250887031,0.0012085511093173,NA
"uniform",30,"LSE","bootstrap-normal",1,1,0.170653742873412,0.0012085511093173,1
"uniform",30,"LSE","bootstrap-percentile",1,1,0.165376007844888,0.0012085511093173,1
"uniform",30,"PMM","bootstrap-normal",1,1,0.117684023459272,0.000323103435526414,1
"uniform",30,"PMM","bootstrap-percentile",1,1,0.110640665800035,0.000323103435526414,1
"uniform",30,"Huber","bootstrap-normal",1,1,0.193074219660682,0.00132925083240607,1
"uniform",30,"Huber","bootstrap-percentile",1,1,0.177825278343289,0.00132925083240607,1
"uniform",30,"L1","bootstrap-normal",1,1,0.359875701709382,0.00438966262330265,1
"uniform",30,"L1","bootstrap-percentile",1,1,0.338479667772462,0.00438966262330265,1
"uniform",31,"LSE","classical-normal",1,1,0.168337489895859,0.00238936713611147,NA
"uniform",31,"LSE","bootstrap-normal",0.833333333333333,0,0.167058753610876,0.00238936713611147,1
"uniform",31,"LSE","bootstrap-percentile",1,1,0.155182272823945,0.00238936713611147,1
"uniform",31,"PMM","bootstrap-normal",1,1,0.114794356337649,0.00054530592829211,1
"uniform",31,"PMM","bootstrap-percentile",1,1,0.108830370409316,0.00054530592829211,1
"uniform",31,"Huber","bootstrap-normal",0.666666666666667,0,0.171544109441471,0.00245840380681927,1
"uniform",31,"Huber","bootstrap-percentile",0.666666666666667,0,0.171671158245715,0.00245840380681927,1
"uniform",31,"L1","bootstrap-normal",0.833333333333333,0,0.284978416870394,0.00507989578104861,1
"uniform",31,"L1","bootstrap-percentile",1,1,0.2713624830136,0.00507989578104861,1
"uniform",32,"LSE","classical-normal",1,1,0.171074446478648,0.00153266827325114,NA
"uniform",32,"LSE","bootstrap-normal",1,1,0.16120048283975,0.00153266827325114,1
"uniform",32,"LSE","bootstrap-percentile",0.833333333333333,0,0.1482192877118,0.00153266827325114,1
"uniform",32,"PMM","bootstrap-normal",1,1,0.142381483835385,0.000321954449474625,1
"uniform",32,"PMM","bootstrap-percentile",1,1,0.135801392484525,0.000321954449474625,1
"uniform",32,"Huber","bootstrap-normal",1,1,0.179825428677246,0.00165951331509408,1
"uniform",32,"Huber","bootstrap-percentile",1,1,0.172291643857857,0.00165951331509408,1
"uniform",32,"L1","bootstrap-normal",1,1,0.279381268628241,0.00411336232053209,1
"uniform",32,"L1","bootstrap-percentile",1,1,0.252359723772858,0.00411336232053209,1
"uniform",33,"LSE","classical-normal",1,1,0.178693869408151,0.000766931910707094,NA
"uniform",33,"LSE","bootstrap-normal",1,1,0.173693083432421,0.000766931910707094,1
"uniform",33,"LSE","bootstrap-percentile",1,1,0.162924631439648,0.000766931910707094,1
"uniform",33,"PMM","bootstrap-normal",1,1,0.094946246306973,6.74390408098357e-05,1
"uniform",33,"PMM","bootstrap-percentile",1,1,0.0890673658323904,6.74390408098357e-05,1
"uniform",33,"Huber","bootstrap-normal",1,1,0.184647901053602,0.000778094286053793,1
"uniform",33,"Huber","bootstrap-percentile",1,1,0.173630924964725,0.000778094286053793,1
"uniform",33,"L1","bootstrap-normal",1,1,0.328279309842157,0.000985263120249752,1
"uniform",33,"L1","bootstrap-percentile",1,1,0.298948814262029,0.000985263120249752,1
"uniform",34,"LSE","classical-normal",1,1,0.172186246343684,0.000517515915119801,NA
"uniform",34,"LSE","bootstrap-normal",1,1,0.183715096133645,0.000517515915119801,1
"uniform",34,"LSE","bootstrap-percentile",1,1,0.172415398075132,0.000517515915119801,1
"uniform",34,"PMM","bootstrap-normal",1,1,0.0994609824463834,0.000284021729985634,1
"uniform",34,"PMM","bootstrap-percentile",1,1,0.0956928443087002,0.000284021729985634,1
"uniform",34,"Huber","bootstrap-normal",1,1,0.181096077549171,0.000536144781665401,1
"uniform",34,"Huber","bootstrap-percentile",1,1,0.170845933409939,0.000536144781665401,1
"uniform",34,"L1","bootstrap-normal",1,1,0.35320173671772,0.000328899154764583,1
"uniform",34,"L1","bootstrap-percentile",1,1,0.310672142245759,0.000328899154764583,1
"uniform",35,"LSE","classical-normal",1,1,0.172203702947177,0.00160815891129436,NA
"uniform",35,"LSE","bootstrap-normal",1,1,0.169136635427778,0.00160815891129436,1
"uniform",35,"LSE","bootstrap-percentile",1,1,0.151871753010252,0.00160815891129436,1
"uniform",35,"PMM","bootstrap-normal",1,1,0.0992831587106334,0.000456922162541947,1
"uniform",35,"PMM","bootstrap-percentile",1,1,0.0936056313291839,0.000456922162541947,1
"uniform",35,"Huber","bootstrap-normal",1,1,0.164224079049269,0.00166815134820635,1
"uniform",35,"Huber","bootstrap-percentile",1,1,0.159140279524666,0.00166815134820635,1
"uniform",35,"L1","bootstrap-normal",1,1,0.294892051141632,0.00681404063854542,1
"uniform",35,"L1","bootstrap-percentile",1,1,0.294007474018988,0.00681404063854542,1
"uniform",36,"LSE","classical-normal",1,1,0.171575151352175,0.000467372123025162,NA
"uniform",36,"LSE","bootstrap-normal",1,1,0.180310769752264,0.000467372123025162,1
"uniform",36,"LSE","bootstrap-percentile",1,1,0.169930549532777,0.000467372123025162,1
"uniform",36,"PMM","bootstrap-normal",1,1,0.0971021070556398,0.000362603779667279,1
"uniform",36,"PMM","bootstrap-percentile",1,1,0.0943156850816219,0.000362603779667279,1
"uniform",36,"Huber","bootstrap-normal",1,1,0.180727549161099,0.000513065921278985,1
"uniform",36,"Huber","bootstrap-percentile",1,1,0.171937579677271,0.000513065921278985,1
"uniform",36,"L1","bootstrap-normal",1,1,0.287490894348483,0.0031147354228145,1
"uniform",36,"L1","bootstrap-percentile",1,1,0.270688950007532,0.0031147354228145,1
"uniform",37,"LSE","classical-normal",1,1,0.172756955294577,0.0010402493636138,NA
"uniform",37,"LSE","bootstrap-normal",1,1,0.176534319010094,0.0010402493636138,1
"uniform",37,"LSE","bootstrap-percentile",1,1,0.165235225279877,0.0010402493636138,1
"uniform",37,"PMM","bootstrap-normal",1,1,0.105133019282383,0.000320978375557555,1
"uniform",37,"PMM","bootstrap-percentile",1,1,0.104423776053803,0.000320978375557555,1
"uniform",37,"Huber","bootstrap-normal",1,1,0.180189361729549,0.00108093461755942,1
"uniform",37,"Huber","bootstrap-percentile",1,1,0.17919673045811,0.00108093461755942,1
"uniform",37,"L1","bootstrap-normal",1,1,0.286124899873222,0.00302587481437414,1
"uniform",37,"L1","bootstrap-percentile",1,1,0.268830818922203,0.00302587481437414,1
"uniform",38,"LSE","classical-normal",1,1,0.169879458962601,0.00122846637878054,NA
"uniform",38,"LSE","bootstrap-normal",1,1,0.156558849874787,0.00122846637878054,1
"uniform",38,"LSE","bootstrap-percentile",1,1,0.152146876093822,0.00122846637878054,1
"uniform",38,"PMM","bootstrap-normal",0.833333333333333,0,0.106787428085329,0.0021078996739182,1
"uniform",38,"PMM","bootstrap-percentile",0.833333333333333,0,0.104112345444382,0.0021078996739182,1
"uniform",38,"Huber","bootstrap-normal",1,1,0.166279668340743,0.00126996448931275,1
"uniform",38,"Huber","bootstrap-percentile",1,1,0.15748532815585,0.00126996448931275,1
"uniform",38,"L1","bootstrap-normal",1,1,0.283170116494874,0.00220407378501728,1
"uniform",38,"L1","bootstrap-percentile",1,1,0.260606720090386,0.00220407378501728,1
"uniform",39,"LSE","classical-normal",1,1,0.175124391471475,0.00163425024452216,NA
"uniform",39,"LSE","bootstrap-normal",1,1,0.18118759676416,0.00163425024452216,1
"uniform",39,"LSE","bootstrap-percentile",1,1,0.166946694802271,0.00163425024452216,1
"uniform",39,"PMM","bootstrap-normal",1,1,0.0981430992117355,0.000249776842745731,1
"uniform",39,"PMM","bootstrap-percentile",1,1,0.0960232921570091,0.000249776842745731,1
"uniform",39,"Huber","bootstrap-normal",1,1,0.181634525801457,0.00170163160160097,1
"uniform",39,"Huber","bootstrap-percentile",1,1,0.178748291491656,0.00170163160160097,1
"uniform",39,"L1","bootstrap-normal",1,1,0.349791005116115,0.00642494099405855,1
"uniform",39,"L1","bootstrap-percentile",1,1,0.319319749487429,0.00642494099405855,1
"uniform",40,"LSE","classical-normal",0.833333333333333,0,0.164596656211758,0.00456672543073258,NA
"uniform",40,"LSE","bootstrap-normal",0.833333333333333,0,0.164226855170824,0.00456672543073258,1
"uniform",40,"LSE","bootstrap-percentile",0.5,0,0.150787226966381,0.00456672543073258,1
"uniform",40,"PMM","bootstrap-normal",0.666666666666667,0,0.0990640819248823,0.00316794582830769,1
"uniform",40,"PMM","bootstrap-percentile",0.666666666666667,0,0.0944100402767703,0.00316794582830769,1
"uniform",40,"Huber","bootstrap-normal",0.666666666666667,0,0.162715923926667,0.00462186268810438,1
"uniform",40,"Huber","bootstrap-percentile",0.833333333333333,0,0.154641387441926,0.00462186268810438,1
"uniform",40,"L1","bootstrap-normal",1,1,0.245501542567301,0.00382656141282457,1
"uniform",40,"L1","bootstrap-percentile",1,1,0.242892036232107,0.00382656141282457,1
"uniform",41,"LSE","classical-normal",1,1,0.18167821385335,0.00150637440614755,NA
"uniform",41,"LSE","bootstrap-normal",1,1,0.175261717462493,0.00150637440614755,1
"uniform",41,"LSE","bootstrap-percentile",1,1,0.160067474639118,0.00150637440614755,1
"uniform",41,"PMM","bootstrap-normal",1,1,0.119071446628128,0.000296600628729787,1
"uniform",41,"PMM","bootstrap-percentile",1,1,0.108621334729894,0.000296600628729787,1
"uniform",41,"Huber","bootstrap-normal",1,1,0.178079444964673,0.00154940477510868,1
"uniform",41,"Huber","bootstrap-percentile",1,1,0.165645080938854,0.00154940477510868,1
"uniform",41,"L1","bootstrap-normal",1,1,0.297596547131197,0.00666985925773327,1
"uniform",41,"L1","bootstrap-percentile",1,1,0.283356256947186,0.00666985925773327,1
"uniform",42,"LSE","classical-normal",1,1,0.173270325310855,0.00109808053073289,NA
"uniform",42,"LSE","bootstrap-normal",1,1,0.177908814123792,0.00109808053073289,1
"uniform",42,"LSE","bootstrap-percentile",1,1,0.16642905978826,0.00109808053073289,1
"uniform",42,"PMM","bootstrap-normal",0.833333333333333,0,0.105324463508079,0.000603628807413011,1
"uniform",42,"PMM","bootstrap-percentile",0.833333333333333,0,0.100673744048825,0.000603628807413011,1
"uniform",42,"Huber","bootstrap-normal",1,1,0.183454527735819,0.0011127545133698,1
"uniform",42,"Huber","bootstrap-percentile",1,1,0.179125167829132,0.0011127545133698,1
"uniform",42,"L1","bootstrap-normal",1,1,0.319815977786341,0.00179300723858203,1
"uniform",42,"L1","bootstrap-percentile",1,1,0.302038448736142,0.00179300723858203,1
"uniform",43,"LSE","classical-normal",1,1,0.170057513480307,0.00158508699052556,NA
"uniform",43,"LSE","bootstrap-normal",1,1,0.158399887822741,0.00158508699052556,1
"uniform",43,"LSE","bootstrap-percentile",1,1,0.154098899464704,0.00158508699052556,1
"uniform",43,"PMM","bootstrap-normal",1,1,0.120011872064365,0.000113684321420344,1
"uniform",43,"PMM","bootstrap-percentile",1,1,0.119592411415929,0.000113684321420344,1
"uniform",43,"Huber","bootstrap-normal",1,1,0.173134784840185,0.00186289135018295,1
"uniform",43,"Huber","bootstrap-percentile",1,1,0.164955955277571,0.00186289135018295,1
"uniform",43,"L1","bootstrap-normal",1,1,0.26160205844678,0.00541464354501742,1
"uniform",43,"L1","bootstrap-percentile",1,1,0.251553304578672,0.00541464354501742,1
"uniform",44,"LSE","classical-normal",1,1,0.180407658084146,0.000886507850204318,NA
"uniform",44,"LSE","bootstrap-normal",1,1,0.191225799715672,0.000886507850204318,1
"uniform",44,"LSE","bootstrap-percentile",1,1,0.181270383677154,0.000886507850204318,1
"uniform",44,"PMM","bootstrap-normal",1,1,0.116088789542998,0.000703706181090506,1
"uniform",44,"PMM","bootstrap-percentile",1,1,0.112502048236158,0.000703706181090506,1
"uniform",44,"Huber","bootstrap-normal",1,1,0.183947333250283,0.000915370867055521,1
"uniform",44,"Huber","bootstrap-percentile",1,1,0.170358025629839,0.000915370867055521,1
"uniform",44,"L1","bootstrap-normal",1,1,0.302942030763688,0.00156531453771734,1
"uniform",44,"L1","bootstrap-percentile",1,1,0.28418597259776,0.00156531453771734,1
"uniform",45,"LSE","classical-normal",1,1,0.178993609627664,0.00248031023863361,NA
"uniform",45,"LSE","bootstrap-normal",0.833333333333333,0,0.171356927792835,0.00248031023863361,1
"uniform",45,"LSE","bootstrap-percentile",0.833333333333333,0,0.161565803191397,0.00248031023863361,1
"uniform",45,"PMM","bootstrap-normal",1,1,0.106718479658094,0.000385513027795985,1
"uniform",45,"PMM","bootstrap-percentile",1,1,0.0974747315526356,0.000385513027795985,1
"uniform",45,"Huber","bootstrap-normal",0.833333333333333,0,0.173978777516202,0.00261456501240302,1
"uniform",45,"Huber","bootstrap-percentile",0.833333333333333,0,0.172451479155837,0.00261456501240302,1
"uniform",45,"L1","bootstrap-normal",1,1,0.283457187158904,0.006828281208496,1
"uniform",45,"L1","bootstrap-percentile",1,1,0.263086074081166,0.006828281208496,1
"uniform",46,"LSE","classical-normal",0.666666666666667,0,0.171409634425667,0.00549193576680997,NA
"uniform",46,"LSE","bootstrap-normal",0.666666666666667,0,0.159599566236404,0.00549193576680997,1
"uniform",46,"LSE","bootstrap-percentile",0.5,0,0.150061921929232,0.00549193576680997,1
"uniform",46,"PMM","bootstrap-normal",1,1,0.123184369722495,0.000816227379910053,1
"uniform",46,"PMM","bootstrap-percentile",1,1,0.123436219978029,0.000816227379910053,1
"uniform",46,"Huber","bootstrap-normal",0.666666666666667,0,0.179993873626338,0.00595471910764993,1
"uniform",46,"Huber","bootstrap-percentile",0.666666666666667,0,0.168133051298491,0.00595471910764993,1
"uniform",46,"L1","bootstrap-normal",0.666666666666667,0,0.206221980755884,0.0119068998221373,1
"uniform",46,"L1","bootstrap-percentile",0.666666666666667,0,0.195264654641198,0.0119068998221373,1
"uniform",47,"LSE","classical-normal",0.833333333333333,0,0.172809968168806,0.00116433617535215,NA
"uniform",47,"LSE","bootstrap-normal",1,1,0.199982057266871,0.00116433617535215,1
"uniform",47,"LSE","bootstrap-percentile",0.833333333333333,0,0.186810688592233,0.00116433617535215,1
"uniform",47,"PMM","bootstrap-normal",1,1,0.0926712865899494,0.000600707615720111,1
"uniform",47,"PMM","bootstrap-percentile",0.833333333333333,0,0.0862864121540445,0.000600707615720111,1
"uniform",47,"Huber","bootstrap-normal",1,1,0.195629616468682,0.00136401508589142,1
"uniform",47,"Huber","bootstrap-percentile",0.833333333333333,0,0.175513103577252,0.00136401508589142,1
"uniform",47,"L1","bootstrap-normal",0.833333333333333,0,0.293051951425524,0.00329564381313728,1
"uniform",47,"L1","bootstrap-percentile",0.833333333333333,0,0.278599721693113,0.00329564381313728,1
"uniform",48,"LSE","classical-normal",0.833333333333333,0,0.178249660509254,0.00395966481347211,NA
"uniform",48,"LSE","bootstrap-normal",0.833333333333333,0,0.166871497060927,0.00395966481347211,1
"uniform",48,"LSE","bootstrap-percentile",0.833333333333333,0,0.152611523434068,0.00395966481347211,1
"uniform",48,"PMM","bootstrap-normal",1,1,0.0906676585169558,0.00043345837860816,1
"uniform",48,"PMM","bootstrap-percentile",1,1,0.0872895163871393,0.00043345837860816,1
"uniform",48,"Huber","bootstrap-normal",0.833333333333333,0,0.178558284245364,0.00402402586868205,1
"uniform",48,"Huber","bootstrap-percentile",0.833333333333333,0,0.172154965104995,0.00402402586868205,1
"uniform",48,"L1","bootstrap-normal",0.833333333333333,0,0.334033317803274,0.0102838608598833,1
"uniform",48,"L1","bootstrap-percentile",0.833333333333333,0,0.320908888097451,0.0102838608598833,1
"uniform",49,"LSE","classical-normal",1,1,0.167048617451257,0.000890228161985744,NA
"uniform",49,"LSE","bootstrap-normal",1,1,0.155330311422136,0.000890228161985744,1
"uniform",49,"LSE","bootstrap-percentile",1,1,0.149129529640743,0.000890228161985744,1
"uniform",49,"PMM","bootstrap-normal",1,1,0.123195585590052,0.000628930213223725,1
"uniform",49,"PMM","bootstrap-percentile",1,1,0.114473549662623,0.000628930213223725,1
"uniform",49,"Huber","bootstrap-normal",1,1,0.171920180430211,0.000929301411211568,1
"uniform",49,"Huber","bootstrap-percentile",1,1,0.163051495449137,0.000929301411211568,1
"uniform",49,"L1","bootstrap-normal",1,1,0.288892863450953,0.00129227135240658,1
"uniform",49,"L1","bootstrap-percentile",1,1,0.279995029913792,0.00129227135240658,1
"uniform",50,"LSE","classical-normal",1,1,0.176915438168668,0.000913440803980954,NA
"uniform",50,"LSE","bootstrap-normal",1,1,0.177563938379053,0.000913440803980954,1
"uniform",50,"LSE","bootstrap-percentile",1,1,0.176045018905469,0.000913440803980954,1
"uniform",50,"PMM","bootstrap-normal",1,1,0.103418614152622,9.3503558408615e-05,1
"uniform",50,"PMM","bootstrap-percentile",1,1,0.100224265893592,9.3503558408615e-05,1
"uniform",50,"Huber","bootstrap-normal",1,1,0.179705653087312,0.000966513340880946,1
"uniform",50,"Huber","bootstrap-percentile",1,1,0.1760988833569,0.000966513340880946,1
"uniform",50,"L1","bootstrap-normal",0.833333333333333,0,0.309646669044898,0.00492671213843072,1
"uniform",50,"L1","bootstrap-percentile",0.833333333333333,0,0.308317539350256,0.00492671213843072,1
"uniform",51,"LSE","classical-normal",0.833333333333333,0,0.167741593112729,0.00357864934667976,NA
"uniform",51,"LSE","bootstrap-normal",0.833333333333333,0,0.176885399826248,0.00357864934667976,1
"uniform",51,"LSE","bootstrap-percentile",0.833333333333333,0,0.167168752860964,0.00357864934667976,1
"uniform",51,"PMM","bootstrap-normal",1,1,0.111854730119706,0.00063706960795759,1
"uniform",51,"PMM","bootstrap-percentile",1,1,0.108506320875921,0.00063706960795759,1
"uniform",51,"Huber","bootstrap-normal",0.833333333333333,0,0.180052987383161,0.00399392220594245,1
"uniform",51,"Huber","bootstrap-percentile",0.833333333333333,0,0.169870160625989,0.00399392220594245,1
"uniform",51,"L1","bootstrap-normal",0.666666666666667,0,0.259331590400597,0.0114026131315431,1
"uniform",51,"L1","bootstrap-percentile",0.666666666666667,0,0.24812893744908,0.0114026131315431,1
"uniform",52,"LSE","classical-normal",0.833333333333333,0,0.172745714492595,0.00514937020192572,NA
"uniform",52,"LSE","bootstrap-normal",0.833333333333333,0,0.163458019950794,0.00514937020192572,1
"uniform",52,"LSE","bootstrap-percentile",0.833333333333333,0,0.156315380026912,0.00514937020192572,1
"uniform",52,"PMM","bootstrap-normal",0.833333333333333,0,0.107742989517224,0.00126021028664416,1
"uniform",52,"PMM","bootstrap-percentile",0.833333333333333,0,0.105358163164397,0.00126021028664416,1
"uniform",52,"Huber","bootstrap-normal",0.833333333333333,0,0.183198983711796,0.00541050820148576,1
"uniform",52,"Huber","bootstrap-percentile",0.666666666666667,0,0.180563410726407,0.00541050820148576,1
"uniform",52,"L1","bootstrap-normal",0.833333333333333,0,0.264678648901857,0.0121012250523293,1
"uniform",52,"L1","bootstrap-percentile",0.833333333333333,0,0.250735368652745,0.0121012250523293,1
"uniform",53,"LSE","classical-normal",1,1,0.171864143212024,0.00150941440213984,NA
"uniform",53,"LSE","bootstrap-normal",1,1,0.173971261238679,0.00150941440213984,1
"uniform",53,"LSE","bootstrap-percentile",1,1,0.1720341974902,0.00150941440213984,1
"uniform",53,"PMM","bootstrap-normal",1,1,0.108709013714434,0.000468675420259577,1
"uniform",53,"PMM","bootstrap-percentile",1,1,0.100069184814447,0.000468675420259577,1
"uniform",53,"Huber","bootstrap-normal",1,1,0.169510918601666,0.00157417659132876,1
"uniform",53,"Huber","bootstrap-percentile",1,1,0.160305140157176,0.00157417659132876,1
"uniform",53,"L1","bootstrap-normal",1,1,0.28908249185753,0.00663384737430622,1
"uniform",53,"L1","bootstrap-percentile",1,1,0.258990711957789,0.00663384737430622,1
"uniform",54,"LSE","classical-normal",1,1,0.173615185344127,0.000817745801703862,NA
"uniform",54,"LSE","bootstrap-normal",1,1,0.171943299491896,0.000817745801703862,1
"uniform",54,"LSE","bootstrap-percentile",1,1,0.15942546788367,0.000817745801703862,1
"uniform",54,"PMM","bootstrap-normal",1,1,0.133140804137446,0.000487935088686308,1
"uniform",54,"PMM","bootstrap-percentile",1,1,0.133761679723246,0.000487935088686308,1
"uniform",54,"Huber","bootstrap-normal",1,1,0.174971061500271,0.000980792272128164,1
"uniform",54,"Huber","bootstrap-percentile",1,1,0.17026278320369,0.000980792272128164,1
"uniform",54,"L1","bootstrap-normal",1,1,0.279356220518141,0.000922608481779549,1
"uniform",54,"L1","bootstrap-percentile",1,1,0.263801763173431,0.000922608481779549,1
"uniform",55,"LSE","classical-normal",1,1,0.166620842725809,0.00142580069616183,NA
"uniform",55,"LSE","bootstrap-normal",1,1,0.161733964569071,0.00142580069616183,1
"uniform",55,"LSE","bootstrap-percentile",1,1,0.161170626433677,0.00142580069616183,1
"uniform",55,"PMM","bootstrap-normal",1,1,0.133238618275046,0.000639055313020447,1
"uniform",55,"PMM","bootstrap-percentile",1,1,0.119576142332433,0.000639055313020447,1
"uniform",55,"Huber","bootstrap-normal",1,1,0.165821431056714,0.00158465019571782,1
"uniform",55,"Huber","bootstrap-percentile",1,1,0.154799646335749,0.00158465019571782,1
"uniform",55,"L1","bootstrap-normal",1,1,0.219248168615371,0.00263763875278485,1
"uniform",55,"L1","bootstrap-percentile",1,1,0.220358066196217,0.00263763875278485,1
"uniform",56,"LSE","classical-normal",1,1,0.16717918642425,0.0027905863312554,NA
"uniform",56,"LSE","bootstrap-normal",1,1,0.177476926852203,0.0027905863312554,1
"uniform",56,"LSE","bootstrap-percentile",0.833333333333333,0,0.180017430924084,0.0027905863312554,1
"uniform",56,"PMM","bootstrap-normal",1,1,0.106022017679604,0.000666994936714121,1
"uniform",56,"PMM","bootstrap-percentile",0.833333333333333,0,0.0982889060137548,0.000666994936714121,1
"uniform",56,"Huber","bootstrap-normal",1,1,0.178550485551483,0.00319698585283095,1
"uniform",56,"Huber","bootstrap-percentile",0.833333333333333,0,0.176583357436047,0.00319698585283095,1
"uniform",56,"L1","bootstrap-normal",1,1,0.318403638216727,0.00663625769852697,1
"uniform",56,"L1","bootstrap-percentile",1,1,0.289897788111147,0.00663625769852697,1
"uniform",57,"LSE","classical-normal",1,1,0.165343924880669,0.00148604802458088,NA
"uniform",57,"LSE","bootstrap-normal",0.833333333333333,0,0.160645255141934,0.00148604802458088,1
"uniform",57,"LSE","bootstrap-percentile",0.833333333333333,0,0.150081845651589,0.00148604802458088,1
"uniform",57,"PMM","bootstrap-normal",0.833333333333333,0,0.11571396120846,0.00148603890094939,1
"uniform",57,"PMM","bootstrap-percentile",0.833333333333333,0,0.109315741504346,0.00148603890094939,1
"uniform",57,"Huber","bootstrap-normal",1,1,0.181787531891234,0.00159089059192946,1
"uniform",57,"Huber","bootstrap-percentile",0.833333333333333,0,0.167841073244963,0.00159089059192946,1
"uniform",57,"L1","bootstrap-normal",1,1,0.275275454312872,0.00357076469851185,1
"uniform",57,"L1","bootstrap-percentile",1,1,0.2779875560212,0.00357076469851185,1
"uniform",58,"LSE","classical-normal",1,1,0.168826049568558,0.000824788151543196,NA
"uniform",58,"LSE","bootstrap-normal",1,1,0.161537881300876,0.000824788151543196,1
"uniform",58,"LSE","bootstrap-percentile",1,1,0.154937266415717,0.000824788151543196,1
"uniform",58,"PMM","bootstrap-normal",1,1,0.115193110565257,0.000422973033865645,1
"uniform",58,"PMM","bootstrap-percentile",1,1,0.109377582214201,0.000422973033865645,1
"uniform",58,"Huber","bootstrap-normal",1,1,0.169183663449489,0.000853708187564736,1
"uniform",58,"Huber","bootstrap-percentile",1,1,0.160770070171064,0.000853708187564736,1
"uniform",58,"L1","bootstrap-normal",1,1,0.252993095424245,0.00112905372852081,1
"uniform",58,"L1","bootstrap-percentile",1,1,0.229956849768815,0.00112905372852081,1
"uniform",59,"LSE","classical-normal",1,1,0.171184353294975,0.00193665561721546,NA
"uniform",59,"LSE","bootstrap-normal",1,1,0.169460458499872,0.00193665561721546,1
"uniform",59,"LSE","bootstrap-percentile",1,1,0.158687510165711,0.00193665561721546,1
"uniform",59,"PMM","bootstrap-normal",0.833333333333333,0,0.105461334605899,0.000591894987551447,1
"uniform",59,"PMM","bootstrap-percentile",1,1,0.09808282049566,0.000591894987551447,1
"uniform",59,"Huber","bootstrap-normal",1,1,0.184282080251236,0.00204908904053924,1
"uniform",59,"Huber","bootstrap-percentile",1,1,0.176117626576293,0.00204908904053924,1
"uniform",59,"L1","bootstrap-normal",1,1,0.314961689378927,0.00595646252553518,1
"uniform",59,"L1","bootstrap-percentile",1,1,0.296011418018383,0.00595646252553518,1
"uniform",60,"LSE","classical-normal",1,1,0.178088195829519,0.00154572627839897,NA
"uniform",60,"LSE","bootstrap-normal",1,1,0.183499804903631,0.00154572627839897,1
"uniform",60,"LSE","bootstrap-percentile",1,1,0.172277750837809,0.00154572627839897,1
"uniform",60,"PMM","bootstrap-normal",1,1,0.0891341378032952,0.00115146316522314,1
"uniform",60,"PMM","bootstrap-percentile",1,1,0.0856605716394369,0.00115146316522314,1
"uniform",60,"Huber","bootstrap-normal",1,1,0.198847270665545,0.00157003467698254,1
"uniform",60,"Huber","bootstrap-percentile",1,1,0.184827216314605,0.00157003467698254,1
"uniform",60,"L1","bootstrap-normal",1,1,0.352021396014483,0.00710366968993284,1
"uniform",60,"L1","bootstrap-percentile",1,1,0.329835973357462,0.00710366968993284,1
