"rep","tail_weight","estimator","ok","nrmse","mae","bias","reserve_error","abs_reserve_error","under_rate","tail_mae","tail_bias","tail_reserve_error","abs_tail_reserve_error","tail_under_rate","pmm2_share","layers","nrmse_winner","reserve_winner","tail_reserve_winner"
1,1,"PMM-auto",TRUE,0.999616927343917,3703.78633336738,-1309.57504159743,-0.3621504099208,0.3621504099208,0.244,24140.2858633556,-23888.5631129053,-0.906632435403109,0.906632435403109,0.94,0,3,TRUE,FALSE,FALSE
1,1,"PMM-relaxed",TRUE,0.999616927343917,3703.78633336738,-1309.57504159743,-0.3621504099208,0.3621504099208,0.244,24140.2858633556,-23888.5631129053,-0.906632435403109,0.906632435403109,0.94,0,3,TRUE,FALSE,FALSE
1,1,"LSE",TRUE,0.99973585871745,3561.51220562631,-1297.71740929418,-0.358871295503594,0.358871295503594,0.181,23789.0953418595,-23757.3048852723,-0.901650847937042,0.901650847937042,0.96,0,3,FALSE,TRUE,TRUE
1,1,"Huber",TRUE,1.00104181629651,2951.86851556772,-2455.31718320273,-0.678994403633261,0.678994403633261,0.518,25139.3426117946,-25139.3426117946,-0.954102735641371,0.954102735641371,1,0,3,FALSE,FALSE,FALSE
1,1,"L1",TRUE,1.00123236788859,2951.73631818236,-2422.92211875303,-0.670035859451201,0.670035859451201,0.499,25170.5933824264,-25170.5933824264,-0.955288782795076,0.955288782795076,1,0,3,FALSE,FALSE,FALSE
1,2,"PMM-auto",TRUE,0.999832493068104,3550.71348763443,-1298.55061971582,-0.359101711849483,0.359101711849483,0.178,23780.6129015881,-23745.7505906531,-0.901212332727048,0.901212332727048,0.96,0,3,TRUE,TRUE,TRUE
1,2,"PMM-relaxed",TRUE,0.999832493068104,3550.71348763443,-1298.55061971582,-0.359101711849483,0.359101711849483,0.178,23780.6129015881,-23745.7505906531,-0.901212332727048,0.901212332727048,0.96,0,3,TRUE,TRUE,TRUE
1,2,"LSE",TRUE,0.999832493068104,3550.71348763443,-1298.55061971582,-0.359101711849483,0.359101711849483,0.178,23780.6129015881,-23745.7505906531,-0.901212332727048,0.901212332727048,0.96,0,3,TRUE,TRUE,TRUE
1,2,"Huber",TRUE,1.00104181629651,2951.86851556772,-2455.31718320273,-0.678994403633261,0.678994403633261,0.518,25139.3426117946,-25139.3426117946,-0.954102735641371,0.954102735641371,1,0,3,FALSE,FALSE,FALSE
1,2,"L1",TRUE,1.00112892389671,2934.0732226808,-2438.39283786779,-0.674314138351773,0.674314138351773,0.485,25159.2063458237,-25159.2063458237,-0.95485661545716,0.95485661545716,1,0,3,FALSE,FALSE,FALSE
1,4,"PMM-auto",TRUE,0.999832493068104,3550.71348763443,-1298.55061971582,-0.359101711849483,0.359101711849483,0.178,23780.6129015881,-23745.7505906531,-0.901212332727048,0.901212332727048,0.96,0,3,TRUE,TRUE,TRUE
1,4,"PMM-relaxed",TRUE,0.999832493068104,3550.71348763443,-1298.55061971582,-0.359101711849483,0.359101711849483,0.178,23780.6129015881,-23745.7505906531,-0.901212332727048,0.901212332727048,0.96,0,3,TRUE,TRUE,TRUE
1,4,"LSE",TRUE,0.999832493068104,3550.71348763443,-1298.55061971582,-0.359101711849483,0.359101711849483,0.178,23780.6129015881,-23745.7505906531,-0.901212332727048,0.901212332727048,0.96,0,3,TRUE,TRUE,TRUE
1,4,"Huber",TRUE,1.00109947363041,2951.83671002265,-2454.31316682964,-0.678716752540705,0.678716752540705,0.532,25134.1071080488,-25134.1071080488,-0.95390403480327,0.95390403480327,1,0,3,FALSE,FALSE,FALSE
1,4,"L1",TRUE,1.00113060749481,2932.11880584814,-2441.77163634659,-0.675248512645165,0.675248512645165,0.497,25164.7519915869,-25164.7519915869,-0.95506708698282,0.95506708698282,1,0,3,FALSE,FALSE,FALSE
1,8,"PMM-auto",TRUE,0.999832493068104,3550.71348763443,-1298.55061971582,-0.359101711849483,0.359101711849483,0.178,23780.6129015881,-23745.7505906531,-0.901212332727048,0.901212332727048,0.96,0,3,TRUE,TRUE,TRUE
1,8,"PMM-relaxed",TRUE,0.999832493068104,3550.71348763443,-1298.55061971582,-0.359101711849483,0.359101711849483,0.178,23780.6129015881,-23745.7505906531,-0.901212332727048,0.901212332727048,0.96,0,3,TRUE,TRUE,TRUE
1,8,"LSE",TRUE,0.999832493068104,3550.71348763443,-1298.55061971582,-0.359101711849483,0.359101711849483,0.178,23780.6129015881,-23745.7505906531,-0.901212332727048,0.901212332727048,0.96,0,3,TRUE,TRUE,TRUE
1,8,"Huber",TRUE,1.00109947363041,2951.83671002265,-2454.31316682964,-0.678716752540704,0.678716752540704,0.532,25134.1071080488,-25134.1071080488,-0.95390403480327,0.95390403480327,1,0,3,FALSE,FALSE,FALSE
1,8,"L1",TRUE,1.00113417477544,2932.71138569464,-2439.3554700306,-0.674580345038134,0.674580345038134,0.497,25164.6806513238,-25164.6806513238,-0.955064379436278,0.955064379436278,1,0,3,FALSE,FALSE,FALSE
1,16,"PMM-auto",TRUE,0.999832493068104,3550.71348763443,-1298.55061971582,-0.359101711849483,0.359101711849483,0.178,23780.6129015881,-23745.7505906531,-0.901212332727048,0.901212332727048,0.96,0,3,TRUE,TRUE,TRUE
1,16,"PMM-relaxed",TRUE,0.999832493068104,3550.71348763443,-1298.55061971582,-0.359101711849483,0.359101711849483,0.178,23780.6129015881,-23745.7505906531,-0.901212332727048,0.901212332727048,0.96,0,3,TRUE,TRUE,TRUE
1,16,"LSE",TRUE,0.999832493068104,3550.71348763443,-1298.55061971582,-0.359101711849483,0.359101711849483,0.178,23780.6129015881,-23745.7505906531,-0.901212332727048,0.901212332727048,0.96,0,3,TRUE,TRUE,TRUE
1,16,"Huber",TRUE,1.00109947363041,2951.83671002265,-2454.31316682964,-0.678716752540704,0.678716752540704,0.532,25134.1071080488,-25134.1071080488,-0.95390403480327,0.95390403480327,1,0,3,FALSE,FALSE,FALSE
1,16,"L1",TRUE,1.00113417477544,2932.71138569464,-2439.3554700306,-0.674580345038134,0.674580345038134,0.497,25164.6806513238,-25164.6806513238,-0.955064379436278,0.955064379436278,1,0,3,FALSE,FALSE,FALSE
2,1,"PMM-auto",TRUE,1.00526324700302,2381.62415251163,3.04060717286689,0.00128373291394346,0.00128373291394346,0.194,11313.9607066537,-11303.7272129603,-0.835721374812311,0.835721374812311,0.99,0.277777777777778,3,TRUE,TRUE,FALSE
2,1,"PMM-relaxed",TRUE,1.00526324700302,2381.62415251163,3.04060717286689,0.00128373291394346,0.00128373291394346,0.194,11313.9607066537,-11303.7272129603,-0.835721374812311,0.835721374812311,0.99,0.277777777777778,3,TRUE,TRUE,FALSE
2,1,"LSE",TRUE,1.01073869255083,2421.41037978036,29.6626572713167,0.0125234623511903,0.0125234623511903,0.207,11317.3577242932,-11296.9316508407,-0.835218956768223,0.835218956768223,0.99,0,3,FALSE,FALSE,TRUE
2,1,"Huber",TRUE,1.00576844821908,1721.4111833615,-1231.66537522651,-0.520004489646005,0.520004489646005,0.55,12363.469596546,-12363.469596546,-0.914071581347873,0.914071581347873,1,0,3,FALSE,FALSE,FALSE
2,1,"L1",TRUE,1.00557880373837,1706.26348711368,-1185.438668199,-0.500487747778161,0.500487747778161,0.529,12326.5540416733,-12326.5540416733,-0.911342294123494,0.911342294123494,1,0,3,FALSE,FALSE,FALSE
2,2,"PMM-auto",TRUE,1.00025496159005,2295.02318455377,-36.0503348592903,-0.0152203158074687,0.0152203158074687,0.208,11062.8194123223,-11050.8902400604,-0.817028313787885,0.817028313787885,0.98,0.277777777777778,3,TRUE,FALSE,TRUE
2,2,"PMM-relaxed",TRUE,1.00025496159005,2295.02318455377,-36.0503348592903,-0.0152203158074687,0.0152203158074687,0.208,11062.8194123223,-11050.8902400604,-0.817028313787885,0.817028313787885,0.98,0.277777777777778,3,TRUE,FALSE,TRUE
2,2,"LSE",TRUE,1.01096917163276,2432.51594214064,7.79683324152388,0.00329179367396781,0.00329179367396781,0.213,11341.2822082185,-11324.4938207782,-0.837256717775634,0.837256717775634,0.99,0,3,FALSE,TRUE,FALSE
2,2,"Huber",TRUE,1.0056257125768,1719.5844680898,-1234.32609435659,-0.521127835256879,0.521127835256879,0.548,12363.8542254158,-12363.8542254158,-0.914100018213145,0.914100018213145,1,0,3,FALSE,FALSE,FALSE
2,2,"L1",TRUE,1.00557880373837,1706.26348711368,-1185.438668199,-0.500487747778161,0.500487747778161,0.529,12326.5540416733,-12326.5540416733,-0.911342294123494,0.911342294123494,1,0,3,FALSE,FALSE,FALSE
2,4,"PMM-auto",TRUE,0.997963314702174,2298.56030349614,6.97625001875153,0.00294534652317902,0.00294534652317902,0.188,10965.0636046672,-10960.0460075422,-0.810311903752194,0.810311903752194,0.99,0.277777777777778,3,TRUE,FALSE,TRUE
2,4,"PMM-relaxed",TRUE,0.997963314702174,2298.56030349614,6.97625001875153,0.00294534652317902,0.00294534652317902,0.188,10965.0636046672,-10960.0460075422,-0.810311903752194,0.810311903752194,0.99,0.277777777777778,3,TRUE,FALSE,TRUE
2,4,"LSE",TRUE,1.00461607430366,2387.81787679554,-1.76390606977781,-0.000744714509353095,0.000744714509353095,0.207,11225.9784618221,-11171.7115975659,-0.825961030324556,0.825961030324556,0.97,0,3,FALSE,TRUE,FALSE
2,4,"Huber",TRUE,1.0056257125768,1719.5844680898,-1234.32609435659,-0.521127835256879,0.521127835256879,0.548,12363.8542254158,-12363.8542254158,-0.914100018213145,0.914100018213145,1,0,3,FALSE,FALSE,FALSE
2,4,"L1",TRUE,1.00555663369323,1709.73998550267,-1184.53666280859,-0.500106924494391,0.500106924494391,0.527,12323.0386449962,-12323.0386449962,-0.911082389395735,0.911082389395735,1,0,3,FALSE,FALSE,FALSE
2,8,"PMM-auto",TRUE,0.997963314702174,2298.56030349614,6.97625001875153,0.00294534652317902,0.00294534652317902,0.188,10965.0636046672,-10960.0460075422,-0.810311903752194,0.810311903752194,0.99,0.277777777777778,3,TRUE,FALSE,TRUE
2,8,"PMM-relaxed",TRUE,0.997963314702174,2298.56030349614,6.97625001875153,0.00294534652317902,0.00294534652317902,0.188,10965.0636046672,-10960.0460075422,-0.810311903752194,0.810311903752194,0.99,0.277777777777778,3,TRUE,FALSE,TRUE
2,8,"LSE",TRUE,1.00056437489002,2319.1160651078,-5.29734196422344,-0.00223651785622137,0.00223651785622137,0.201,11029.306429289,-11015.0872668515,-0.814381283350158,0.814381283350158,0.97,0,3,FALSE,TRUE,FALSE
2,8,"Huber",TRUE,1.0056257125768,1719.5844680898,-1234.32609435659,-0.521127835256879,0.521127835256879,0.548,12363.8542254158,-12363.8542254158,-0.914100018213145,0.914100018213145,1,0,3,FALSE,FALSE,FALSE
2,8,"L1",TRUE,1.00555663369323,1709.73998550267,-1184.53666280859,-0.500106924494391,0.500106924494391,0.527,12323.0386449962,-12323.0386449962,-0.911082389395735,0.911082389395735,1,0,3,FALSE,FALSE,FALSE
2,16,"PMM-auto",TRUE,0.997310326727916,2280.47981184894,-34.7019173345731,-0.0146510189993614,0.0146510189993614,0.214,10987.0717979558,-10976.6218782347,-0.811537411868484,0.811537411868484,0.98,0.277777777777778,3,TRUE,FALSE,TRUE
2,16,"PMM-relaxed",TRUE,0.997310326727916,2280.47981184894,-34.7019173345731,-0.0146510189993614,0.0146510189993614,0.214,10987.0717979558,-10976.6218782347,-0.811537411868484,0.811537411868484,0.98,0.277777777777778,3,TRUE,FALSE,TRUE
2,16,"LSE",TRUE,1.00056437489002,2319.1160651078,-5.29734196422344,-0.00223651785622137,0.00223651785622137,0.201,11029.306429289,-11015.0872668515,-0.814381283350158,0.814381283350158,0.97,0,3,FALSE,TRUE,FALSE
2,16,"Huber",TRUE,1.0056257125768,1719.5844680898,-1234.32609435659,-0.521127835256879,0.521127835256879,0.548,12363.8542254158,-12363.8542254158,-0.914100018213145,0.914100018213145,1,0,3,FALSE,FALSE,FALSE
2,16,"L1",TRUE,1.00552870054706,1708.29780585443,-1189.73188806194,-0.502300329059301,0.502300329059301,0.518,12331.7041316549,-12331.7041316549,-0.911723057052281,0.911723057052281,1,0,3,FALSE,FALSE,FALSE
3,1,"PMM-auto",TRUE,1.38072649575861,4248.58079815557,611.191919142757,0.219174073805167,0.219174073805167,0.265,16632.9404912425,-14874.4470444632,-0.825609181074489,0.825609181074489,0.87,0,3,FALSE,TRUE,TRUE
3,1,"PMM-relaxed",TRUE,1.38072649575861,4248.58079815557,611.191919142757,0.219174073805167,0.219174073805167,0.265,16632.9404912425,-14874.4470444632,-0.825609181074489,0.825609181074489,0.87,0,3,FALSE,TRUE,TRUE
3,1,"LSE",TRUE,1.38072649575861,4248.58079815557,611.191919142757,0.219174073805167,0.219174073805167,0.265,16632.9404912425,-14874.4470444632,-0.825609181074489,0.825609181074489,0.87,0,3,FALSE,TRUE,TRUE
3,1,"Huber",TRUE,1.00567886891727,2142.61863052385,-1638.88012348134,-0.587704159514299,0.587704159514299,0.532,16819.419615649,-16819.419615649,-0.933565275637806,0.933565275637806,1,0,3,TRUE,FALSE,FALSE
3,1,"L1",TRUE,1.0058386277091,2131.89349827634,-1605.29959069091,-0.575662144654954,0.575662144654954,0.494,16840.150630331,-16840.150630331,-0.93471595478596,0.93471595478596,1,0,3,FALSE,FALSE,FALSE
3,2,"PMM-auto",TRUE,1.06359337508788,4588.85537478698,216.076316766501,0.0774851975545618,0.0774851975545618,0.373,16882.6490410827,-13990.8378246478,-0.77656427324155,0.77656427324155,0.83,0,3,FALSE,TRUE,TRUE
3,2,"PMM-relaxed",TRUE,1.06359337508788,4588.85537478698,216.076316766501,0.0774851975545618,0.0774851975545618,0.373,16882.6490410827,-13990.8378246478,-0.77656427324155,0.77656427324155,0.83,0,3,FALSE,TRUE,TRUE
3,2,"LSE",TRUE,1.06359337508788,4588.85537478698,216.076316766501,0.0774851975545618,0.0774851975545618,0.373,16882.6490410827,-13990.8378246478,-0.77656427324155,0.77656427324155,0.83,0,3,FALSE,TRUE,TRUE
3,2,"Huber",TRUE,1.00567886891727,2142.61863052385,-1638.88012348134,-0.587704159514299,0.587704159514299,0.532,16819.419615649,-16819.419615649,-0.933565275637806,0.933565275637806,1,0,3,TRUE,FALSE,FALSE
3,2,"L1",TRUE,1.01600186209949,2205.52161376977,-1537.61667838752,-0.551390980145225,0.551390980145225,0.471,16850.0354054306,-16850.0354054306,-0.935264611220091,0.935264611220091,1,0,3,FALSE,FALSE,FALSE
3,4,"PMM-auto",TRUE,1.06359337508788,4588.85537478698,216.076316766501,0.0774851975545618,0.0774851975545618,0.373,16882.6490410827,-13990.8378246478,-0.77656427324155,0.77656427324155,0.83,0,3,FALSE,TRUE,TRUE
3,4,"PMM-relaxed",TRUE,1.06359337508788,4588.85537478698,216.076316766501,0.0774851975545618,0.0774851975545618,0.373,16882.6490410827,-13990.8378246478,-0.77656427324155,0.77656427324155,0.83,0,3,FALSE,TRUE,TRUE
3,4,"LSE",TRUE,1.06359337508788,4588.85537478698,216.076316766501,0.0774851975545618,0.0774851975545618,0.373,16882.6490410827,-13990.8378246478,-0.77656427324155,0.77656427324155,0.83,0,3,FALSE,TRUE,TRUE
3,4,"Huber",TRUE,1.00568410736722,2144.14051964491,-1639.3055339122,-0.587856712148341,0.587856712148341,0.536,16822.4308278116,-16822.4308278116,-0.933732413575782,0.933732413575782,1,0,3,TRUE,FALSE,FALSE
3,4,"L1",TRUE,1.00617436641538,2142.43496057426,-1598.55157118498,-0.573242297665967,0.573242297665967,0.486,16845.3001001715,-16845.3001001715,-0.935001777147311,0.935001777147311,1,0,3,FALSE,FALSE,FALSE
3,8,"PMM-auto",TRUE,1.06359337508788,4588.85537478698,216.076316766501,0.0774851975545618,0.0774851975545618,0.373,16882.6490410827,-13990.8378246478,-0.77656427324155,0.77656427324155,0.83,0,3,FALSE,TRUE,TRUE
3,8,"PMM-relaxed",TRUE,1.06359337508788,4588.85537478698,216.076316766501,0.0774851975545618,0.0774851975545618,0.373,16882.6490410827,-13990.8378246478,-0.77656427324155,0.77656427324155,0.83,0,3,FALSE,TRUE,TRUE
3,8,"LSE",TRUE,1.06359337508788,4588.85537478698,216.076316766501,0.0774851975545618,0.0774851975545618,0.373,16882.6490410827,-13990.8378246478,-0.77656427324155,0.77656427324155,0.83,0,3,FALSE,TRUE,TRUE
3,8,"Huber",TRUE,1.00568410736722,2144.14051964491,-1639.30553391221,-0.587856712148341,0.587856712148341,0.536,16822.4308278116,-16822.4308278116,-0.933732413575782,0.933732413575782,1,0,3,TRUE,FALSE,FALSE
3,8,"L1",TRUE,1.0113702699929,2181.45233384316,-1574.19120140474,-0.564506643091831,0.564506643091831,0.503,16868.4486052283,-16868.4486052283,-0.936286639585954,0.936286639585954,1,0,3,FALSE,FALSE,FALSE
3,16,"PMM-auto",TRUE,1.06359337508788,4588.85537478698,216.076316766501,0.0774851975545618,0.0774851975545618,0.373,16882.6490410827,-13990.8378246478,-0.77656427324155,0.77656427324155,0.83,0,3,FALSE,TRUE,TRUE
3,16,"PMM-relaxed",TRUE,1.06359337508788,4588.85537478698,216.076316766501,0.0774851975545618,0.0774851975545618,0.373,16882.6490410827,-13990.8378246478,-0.77656427324155,0.77656427324155,0.83,0,3,FALSE,TRUE,TRUE
3,16,"LSE",TRUE,1.06359337508788,4588.85537478698,216.076316766501,0.0774851975545618,0.0774851975545618,0.373,16882.6490410827,-13990.8378246478,-0.77656427324155,0.77656427324155,0.83,0,3,FALSE,TRUE,TRUE
3,16,"Huber",TRUE,1.00578795923656,2147.10939029857,-1639.18906423374,-0.587814945997472,0.587814945997472,0.523,16832.8952644585,-16832.8952644585,-0.934313244240927,0.934313244240927,1,0,3,TRUE,FALSE,FALSE
3,16,"L1",TRUE,1.00626034218111,2145.59403201794,-1589.56998022288,-0.570021489571553,0.570021489571553,0.487,16857.9855975311,-16781.5848053871,-0.931465246868797,0.931465246868797,0.99,0,3,FALSE,FALSE,FALSE
4,1,"PMM-auto",TRUE,0.998843708082651,3828.81139311297,-1366.09328313243,-0.362799333032448,0.362799333032448,0.197,25357.0881254727,-25256.1683789399,-0.910597261288108,0.910597261288108,0.96,0,3,TRUE,FALSE,TRUE
4,1,"PMM-relaxed",TRUE,0.998843708082651,3828.81139311297,-1366.09328313243,-0.362799333032448,0.362799333032448,0.197,25357.0881254727,-25256.1683789399,-0.910597261288108,0.910597261288108,0.96,0,3,TRUE,FALSE,TRUE
4,1,"LSE",TRUE,0.999135740198037,3827.01458890863,-1360.27988781062,-0.361255444359948,0.361255444359948,0.19,25366.0485199861,-25272.2123717934,-0.911175718627057,0.911175718627057,0.96,0,3,FALSE,TRUE,FALSE
4,1,"Huber",TRUE,1.00103152249221,3127.39227420775,-2634.14331661802,-0.699560893960015,0.699560893960015,0.56,26563.2421374771,-26563.2421374771,-0.957723086827739,0.957723086827739,1,0,3,FALSE,FALSE,FALSE
4,1,"L1",TRUE,1.00110335557213,3115.64909545514,-2590.56412046397,-0.68798737735321,0.68798737735321,0.51,26560.1277143164,-26560.1277143164,-0.957610798013456,0.957610798013456,1,0,3,FALSE,FALSE,FALSE
4,2,"PMM-auto",TRUE,0.998843708082651,3828.81139311297,-1366.09328313243,-0.362799333032448,0.362799333032448,0.197,25357.0881254727,-25256.1683789399,-0.910597261288108,0.910597261288108,0.96,0,3,TRUE,FALSE,TRUE
4,2,"PMM-relaxed",TRUE,0.998843708082651,3828.81139311297,-1366.09328313243,-0.362799333032448,0.362799333032448,0.197,25357.0881254727,-25256.1683789399,-0.910597261288108,0.910597261288108,0.96,0,3,TRUE,FALSE,TRUE
4,2,"LSE",TRUE,0.999135740198037,3827.01458890863,-1360.27988781062,-0.361255444359948,0.361255444359948,0.19,25366.0485199861,-25272.2123717934,-0.911175718627057,0.911175718627057,0.96,0,3,FALSE,TRUE,FALSE
4,2,"Huber",TRUE,1.00103049298737,3126.01924513839,-2630.97718919358,-0.698720051733453,0.698720051733453,0.561,26552.0547188701,-26552.0547188701,-0.957319730602378,0.957319730602378,1,0,3,FALSE,FALSE,FALSE
4,2,"L1",TRUE,1.00110335557213,3115.64909545514,-2590.56412046397,-0.68798737735321,0.68798737735321,0.51,26560.1277143164,-26560.1277143164,-0.957610798013456,0.957610798013456,1,0,3,FALSE,FALSE,FALSE
4,4,"PMM-auto",TRUE,0.998843708082651,3828.81139311297,-1366.09328313243,-0.362799333032448,0.362799333032448,0.197,25357.0881254727,-25256.1683789399,-0.910597261288108,0.910597261288108,0.96,0.0555555555555556,3,TRUE,FALSE,FALSE
4,4,"PMM-relaxed",TRUE,0.998843708082651,3828.81139311297,-1366.09328313243,-0.362799333032448,0.362799333032448,0.197,25357.0881254727,-25256.1683789399,-0.910597261288108,0.910597261288108,0.96,0.0555555555555556,3,TRUE,FALSE,FALSE
4,4,"LSE",TRUE,0.998847728395817,3833.17039831582,-1359.92434533009,-0.361161021397479,0.361161021397479,0.199,25332.576182918,-25235.860536085,-0.90986507318226,0.90986507318226,0.96,0,3,FALSE,TRUE,TRUE
4,4,"Huber",TRUE,1.00103049298737,3126.01924513839,-2630.97718919358,-0.698720051733453,0.698720051733453,0.561,26552.0547188701,-26552.0547188701,-0.957319730602378,0.957319730602378,1,0,3,FALSE,FALSE,FALSE
4,4,"L1",TRUE,1.00110733402942,3115.83708188765,-2591.23915255653,-0.688166648561101,0.688166648561101,0.521,26555.2457938638,-26555.2457938638,-0.957434783056346,0.957434783056346,1,0,3,FALSE,FALSE,FALSE
4,8,"PMM-auto",TRUE,0.998843708082651,3828.81139311297,-1366.09328313243,-0.362799333032448,0.362799333032448,0.197,25357.0881254727,-25256.1683789399,-0.910597261288108,0.910597261288108,0.96,0.0555555555555556,3,TRUE,FALSE,FALSE
4,8,"PMM-relaxed",TRUE,0.998843708082651,3828.81139311297,-1366.09328313243,-0.362799333032448,0.362799333032448,0.197,25357.0881254727,-25256.1683789399,-0.910597261288108,0.910597261288108,0.96,0.0555555555555556,3,TRUE,FALSE,FALSE
4,8,"LSE",TRUE,0.998847728395817,3833.17039831582,-1359.92434533009,-0.361161021397479,0.361161021397479,0.199,25332.576182918,-25235.860536085,-0.90986507318226,0.90986507318226,0.96,0,3,FALSE,TRUE,TRUE
4,8,"Huber",TRUE,1.00103049298737,3126.01924513839,-2630.97718919358,-0.698720051733453,0.698720051733453,0.561,26552.0547188701,-26552.0547188701,-0.957319730602378,0.957319730602378,1,0,3,FALSE,FALSE,FALSE
4,8,"L1",TRUE,1.00111459853994,3114.66063230926,-2600.88433825575,-0.690728162464912,0.690728162464912,0.522,26564.2213027538,-26564.2213027538,-0.9577583900933,0.9577583900933,1,0,3,FALSE,FALSE,FALSE
4,16,"PMM-auto",TRUE,0.998843708082651,3828.81139311297,-1366.09328313243,-0.362799333032448,0.362799333032448,0.197,25357.0881254727,-25256.1683789399,-0.910597261288108,0.910597261288108,0.96,0.0555555555555556,3,TRUE,FALSE,FALSE
4,16,"PMM-relaxed",TRUE,0.998843708082651,3828.81139311297,-1366.09328313243,-0.362799333032448,0.362799333032448,0.197,25357.0881254727,-25256.1683789399,-0.910597261288108,0.910597261288108,0.96,0.0555555555555556,3,TRUE,FALSE,FALSE
4,16,"LSE",TRUE,0.998847728395817,3833.17039831582,-1359.92434533009,-0.361161021397479,0.361161021397479,0.199,25332.576182918,-25235.860536085,-0.90986507318226,0.90986507318226,0.96,0,3,FALSE,TRUE,TRUE
4,16,"Huber",TRUE,1.00103049298737,3126.01924513839,-2630.97718919358,-0.698720051733453,0.698720051733453,0.561,26552.0547188701,-26552.0547188701,-0.957319730602378,0.957319730602378,1,0,3,FALSE,FALSE,FALSE
4,16,"L1",TRUE,1.00111666395677,3114.63571357021,-2593.623342409,-0.688799828226777,0.688799828226777,0.521,26556.6364136864,-26556.6364136864,-0.957484921089279,0.957484921089279,1,0,3,FALSE,FALSE,FALSE
5,1,"PMM-auto",TRUE,1.24728874045,4874.36605491326,1272.57753032797,0.515902637151429,0.515902637151429,0.466,14103.3669693306,-12147.3413469945,-0.799753039290161,0.799753039290161,0.83,0,3,FALSE,TRUE,TRUE
5,1,"PMM-relaxed",TRUE,1.24728874045,4874.36605491326,1272.57753032797,0.515902637151429,0.515902637151429,0.466,14103.3669693306,-12147.3413469945,-0.799753039290161,0.799753039290161,0.83,0,3,FALSE,TRUE,TRUE
5,1,"LSE",TRUE,1.24728874045,4874.36605491326,1272.57753032797,0.515902637151429,0.515902637151429,0.466,14103.3669693306,-12147.3413469945,-0.799753039290161,0.799753039290161,0.83,0,3,FALSE,TRUE,TRUE
5,1,"Huber",TRUE,1.00354436506048,1832.87009022289,-1289.21760060611,-0.522648517802544,0.522648517802544,0.533,13967.8139040498,-13967.8139040498,-0.919608768939968,0.919608768939968,1,0,3,TRUE,FALSE,FALSE
5,1,"L1",TRUE,1.00379074239864,1822.44615445733,-1293.0620131829,-0.524207041774087,0.524207041774087,0.5,14016.387586515,-14016.387586515,-0.922806748569537,0.922806748569537,1,0,3,FALSE,FALSE,FALSE
5,2,"PMM-auto",TRUE,1.24728874045,4874.36605491326,1272.57753032797,0.515902637151429,0.515902637151429,0.466,14103.3669693306,-12147.3413469945,-0.799753039290161,0.799753039290161,0.83,0,3,FALSE,TRUE,TRUE
5,2,"PMM-relaxed",TRUE,1.24728874045,4874.36605491326,1272.57753032797,0.515902637151429,0.515902637151429,0.466,14103.3669693306,-12147.3413469945,-0.799753039290161,0.799753039290161,0.83,0,3,FALSE,TRUE,TRUE
5,2,"LSE",TRUE,1.24728874045,4874.36605491326,1272.57753032797,0.515902637151429,0.515902637151429,0.466,14103.3669693306,-12147.3413469945,-0.799753039290161,0.799753039290161,0.83,0,3,FALSE,TRUE,TRUE
5,2,"Huber",TRUE,1.00354436506048,1832.87009022289,-1289.21760060611,-0.522648517802544,0.522648517802544,0.533,13967.8139040498,-13967.8139040498,-0.919608768939968,0.919608768939968,1,0,3,TRUE,FALSE,FALSE
5,2,"L1",TRUE,1.00377816726533,1822.73211595309,-1292.39399668596,-0.523936228040369,0.523936228040369,0.497,14016.5598710241,-14016.5598710241,-0.922818091385702,0.922818091385702,1,0,3,FALSE,FALSE,FALSE
5,4,"PMM-auto",TRUE,1.24728874045,4874.36605491326,1272.57753032797,0.515902637151429,0.515902637151429,0.466,14103.3669693306,-12147.3413469945,-0.799753039290161,0.799753039290161,0.83,0,3,FALSE,TRUE,TRUE
5,4,"PMM-relaxed",TRUE,1.24728874045,4874.36605491326,1272.57753032797,0.515902637151429,0.515902637151429,0.466,14103.3669693306,-12147.3413469945,-0.799753039290161,0.799753039290161,0.83,0,3,FALSE,TRUE,TRUE
5,4,"LSE",TRUE,1.24728874045,4874.36605491326,1272.57753032797,0.515902637151429,0.515902637151429,0.466,14103.3669693306,-12147.3413469945,-0.799753039290161,0.799753039290161,0.83,0,3,FALSE,TRUE,TRUE
5,4,"Huber",TRUE,1.00354436506048,1832.87009022289,-1289.21760060611,-0.522648517802544,0.522648517802544,0.533,13967.8139040498,-13967.8139040498,-0.919608768939968,0.919608768939968,1,0,3,TRUE,FALSE,FALSE
5,4,"L1",TRUE,1.00377816726533,1822.73211595309,-1292.39399668596,-0.523936228040369,0.523936228040369,0.497,14016.5598710241,-14016.5598710241,-0.922818091385702,0.922818091385702,1,0,3,FALSE,FALSE,FALSE
5,8,"PMM-auto",TRUE,1.24728874045,4874.36605491326,1272.57753032797,0.515902637151429,0.515902637151429,0.466,14103.3669693306,-12147.3413469945,-0.799753039290161,0.799753039290161,0.83,0,3,FALSE,TRUE,TRUE
5,8,"PMM-relaxed",TRUE,1.24728874045,4874.36605491326,1272.57753032797,0.515902637151429,0.515902637151429,0.466,14103.3669693306,-12147.3413469945,-0.799753039290161,0.799753039290161,0.83,0,3,FALSE,TRUE,TRUE
5,8,"LSE",TRUE,1.24728874045,4874.36605491326,1272.57753032797,0.515902637151429,0.515902637151429,0.466,14103.3669693306,-12147.3413469945,-0.799753039290161,0.799753039290161,0.83,0,3,FALSE,TRUE,TRUE
5,8,"Huber",TRUE,1.00366604769682,1839.00307645656,-1295.35886918735,-0.525138186668298,0.525138186668298,0.537,13970.1421927735,-13970.1421927735,-0.919762058119052,0.919762058119052,1,0,3,TRUE,FALSE,FALSE
5,8,"L1",TRUE,1.00565925790124,1852.27887414162,-1323.31922734886,-0.536473309415206,0.536473309415206,0.495,14015.4652260972,-14015.4652260972,-0.922746022479243,0.922746022479243,1,0,3,FALSE,FALSE,FALSE
5,16,"PMM-auto",TRUE,1.24728874045,4874.36605491326,1272.57753032797,0.515902637151429,0.515902637151429,0.466,14103.3669693306,-12147.3413469945,-0.799753039290161,0.799753039290161,0.83,0,3,FALSE,TRUE,TRUE
5,16,"PMM-relaxed",TRUE,1.24728874045,4874.36605491326,1272.57753032797,0.515902637151429,0.515902637151429,0.466,14103.3669693306,-12147.3413469945,-0.799753039290161,0.799753039290161,0.83,0,3,FALSE,TRUE,TRUE
5,16,"LSE",TRUE,1.24728874045,4874.36605491326,1272.57753032797,0.515902637151429,0.515902637151429,0.466,14103.3669693306,-12147.3413469945,-0.799753039290161,0.799753039290161,0.83,0,3,FALSE,TRUE,TRUE
5,16,"Huber",TRUE,1.00366604769682,1839.00307645656,-1295.35886918735,-0.525138186668298,0.525138186668298,0.537,13970.1421927735,-13970.1421927735,-0.919762058119052,0.919762058119052,1,0,3,TRUE,FALSE,FALSE
5,16,"L1",TRUE,1.00565925790124,1852.27887414162,-1323.31922734886,-0.536473309415206,0.536473309415206,0.495,14015.4652260972,-14015.4652260972,-0.922746022479243,0.922746022479243,1,0,3,FALSE,FALSE,FALSE
6,1,"PMM-auto",TRUE,1.00014236228161,4236.09182189536,871.782456375205,0.28648150951887,0.28648150951887,0.093,16854.1111553535,-16787.992189964,-0.810604399966592,0.810604399966592,0.92,0.333333333333333,3,TRUE,TRUE,FALSE
6,1,"PMM-relaxed",TRUE,1.00014236228161,4236.09182189536,871.782456375205,0.28648150951887,0.28648150951887,0.093,16854.1111553535,-16787.992189964,-0.810604399966592,0.810604399966592,0.92,0.333333333333333,3,TRUE,TRUE,FALSE
6,1,"LSE",TRUE,1.00346723615737,4289.39645640501,920.51654718832,0.302496302887398,0.302496302887398,0.091,16880.9407172735,-16700.4255559546,-0.806376264879614,0.806376264879614,0.78,0,3,FALSE,FALSE,TRUE
6,1,"Huber",TRUE,1.00664279184212,2403.61362251946,-1851.30261994731,-0.608367334373701,0.608367334373701,0.514,19471.438909467,-19471.438909467,-0.940174016945891,0.940174016945891,1,0,3,FALSE,FALSE,FALSE
6,1,"L1",TRUE,1.0065976554255,2377.97464210468,-1864.07555826089,-0.612564724011802,0.612564724011802,0.503,19525.4457433535,-19525.4457433535,-0.942781724686115,0.942781724686115,1,0,3,FALSE,FALSE,FALSE
6,2,"PMM-auto",TRUE,1.00014236228161,4236.09182189536,871.782456375205,0.28648150951887,0.28648150951887,0.093,16854.1111553535,-16787.992189964,-0.810604399966592,0.810604399966592,0.92,0.333333333333333,3,TRUE,TRUE,FALSE
6,2,"PMM-relaxed",TRUE,1.00014236228161,4236.09182189536,871.782456375205,0.28648150951887,0.28648150951887,0.093,16854.1111553535,-16787.992189964,-0.810604399966592,0.810604399966592,0.92,0.333333333333333,3,TRUE,TRUE,FALSE
6,2,"LSE",TRUE,1.00168366182915,4418.06533874075,1038.55118547013,0.341284352707866,0.341284352707866,0.098,16973.1985690407,-16702.7155898099,-0.806486838645567,0.806486838645567,0.79,0,3,FALSE,FALSE,TRUE
6,2,"Huber",TRUE,1.00664279184212,2403.61362251946,-1851.30261994731,-0.608367334373701,0.608367334373701,0.514,19471.438909467,-19471.438909467,-0.940174016945891,0.940174016945891,1,0,3,FALSE,FALSE,FALSE
6,2,"L1",TRUE,1.0065976554255,2377.97464210468,-1864.07555826089,-0.612564724011802,0.612564724011802,0.503,19525.4457433535,-19525.4457433535,-0.942781724686115,0.942781724686115,1,0,3,FALSE,FALSE,FALSE
6,4,"PMM-auto",TRUE,1.00251460414179,4274.87398196983,949.446154994172,0.312003029770256,0.312003029770256,0.081,16932.424326098,-16305.5187425061,-0.787308278849128,0.787308278849128,0.78,0.333333333333333,3,FALSE,TRUE,TRUE
6,4,"PMM-relaxed",TRUE,1.00251460414179,4274.87398196983,949.446154994172,0.312003029770256,0.312003029770256,0.081,16932.424326098,-16305.5187425061,-0.787308278849128,0.787308278849128,0.78,0.333333333333333,3,FALSE,TRUE,TRUE
6,4,"LSE",TRUE,1.00168366182915,4418.06533874075,1038.55118547013,0.341284352707866,0.341284352707866,0.098,16973.1985690407,-16702.7155898099,-0.806486838645567,0.806486838645567,0.79,0,3,TRUE,FALSE,FALSE
6,4,"Huber",TRUE,1.00664279184212,2403.61362251946,-1851.30261994731,-0.608367334373701,0.608367334373701,0.514,19471.438909467,-19471.438909467,-0.940174016945891,0.940174016945891,1,0,3,FALSE,FALSE,FALSE
6,4,"L1",TRUE,1.0065976554255,2377.97464210468,-1864.07555826089,-0.612564724011802,0.612564724011802,0.503,19525.4457433535,-19525.4457433535,-0.942781724686115,0.942781724686115,1,0,3,FALSE,FALSE,FALSE
6,8,"PMM-auto",TRUE,1.00251460414179,4274.87398196983,949.446154994172,0.312003029770256,0.312003029770256,0.081,16932.424326098,-16305.5187425061,-0.787308278849128,0.787308278849128,0.78,0.277777777777778,3,TRUE,TRUE,FALSE
6,8,"PMM-relaxed",TRUE,1.00251460414179,4274.87398196983,949.446154994172,0.312003029770256,0.312003029770256,0.081,16932.424326098,-16305.5187425061,-0.787308278849128,0.787308278849128,0.78,0.277777777777778,3,TRUE,TRUE,FALSE
6,8,"LSE",TRUE,1.01604415620389,4447.05756788816,969.224895218717,0.318502636770228,0.318502636770228,0.272,17254.0496816964,-15732.458042328,-0.759638172754486,0.759638172754486,0.7,0,3,FALSE,FALSE,TRUE
6,8,"Huber",TRUE,1.00664279184212,2403.61362251946,-1851.30261994731,-0.608367334373701,0.608367334373701,0.514,19471.438909467,-19471.438909467,-0.940174016945891,0.940174016945891,1,0,3,FALSE,FALSE,FALSE
6,8,"L1",TRUE,1.0065976554255,2377.97464210468,-1864.07555826089,-0.612564724011802,0.612564724011802,0.503,19525.4457433535,-19525.4457433535,-0.942781724686115,0.942781724686115,1,0,3,FALSE,FALSE,FALSE
6,16,"PMM-auto",TRUE,1.01604415620389,4447.05756788816,969.224895218717,0.318502636770228,0.318502636770228,0.272,17254.0496816964,-15732.458042328,-0.759638172754486,0.759638172754486,0.7,0.111111111111111,3,FALSE,TRUE,TRUE
6,16,"PMM-relaxed",TRUE,1.01604415620389,4447.05756788816,969.224895218717,0.318502636770228,0.318502636770228,0.272,17254.0496816964,-15732.458042328,-0.759638172754486,0.759638172754486,0.7,0.111111111111111,3,FALSE,TRUE,TRUE
6,16,"LSE",TRUE,1.01604415620389,4447.05756788816,969.224895218717,0.318502636770228,0.318502636770228,0.272,17254.0496816964,-15732.458042328,-0.759638172754486,0.759638172754486,0.7,0,3,FALSE,TRUE,TRUE
6,16,"Huber",TRUE,1.00664279184212,2403.61362251946,-1851.30261994731,-0.608367334373701,0.608367334373701,0.514,19471.438909467,-19471.438909467,-0.940174016945891,0.940174016945891,1,0,3,FALSE,FALSE,FALSE
6,16,"L1",TRUE,1.0065976554255,2377.97464210468,-1864.07555826089,-0.612564724011802,0.612564724011802,0.503,19525.4457433535,-19525.4457433535,-0.942781724686115,0.942781724686115,1,0,3,TRUE,FALSE,FALSE
7,1,"PMM-auto",TRUE,1.24896334527288,4767.00382899192,450.013509960813,0.157968386314994,0.157968386314994,0.434,20738.0943054723,-10719.3469441222,-0.573719028892388,0.573719028892388,0.85,0,3,FALSE,FALSE,TRUE
7,1,"PMM-relaxed",TRUE,1.06048455144331,4233.22170844488,233.638043181335,0.0820140370149387,0.0820140370149387,0.33,17569.0657999834,-14231.7633689847,-0.761709971889411,0.761709971889411,0.84,0,3,FALSE,TRUE,FALSE
7,1,"LSE",TRUE,1.24896334527288,4767.00382899192,450.013509960813,0.157968386314994,0.157968386314994,0.434,20738.0943054723,-10719.3469441222,-0.573719028892388,0.573719028892388,0.85,0,3,FALSE,FALSE,TRUE
7,1,"Huber",TRUE,1.00676429765635,2198.50747659298,-1679.13196650437,-0.589426231185179,0.589426231185179,0.515,17474.8044868217,-17474.8044868217,-0.935283456401335,0.935283456401335,1,0,3,TRUE,FALSE,FALSE
7,1,"L1",TRUE,1.0068181745709,2206.17371619187,-1630.90173038564,-0.572495955976486,0.572495955976486,0.515,17501.304496332,-17501.304496332,-0.936701785316439,0.936701785316439,1,0,3,FALSE,FALSE,FALSE
7,2,"PMM-auto",TRUE,1.13939946867774,4085.11399867566,420.772868458617,0.147704034577377,0.147704034577377,0.381,18406.0994335498,-12203.4795197882,-0.653152515325582,0.653152515325582,0.86,0,3,FALSE,FALSE,TRUE
7,2,"PMM-relaxed",TRUE,1.16831841438078,3933.75675314924,388.436223114519,0.136352891621043,0.136352891621043,0.373,17962.1970115172,-12767.6358117725,-0.683347190585934,0.683347190585934,0.86,0,3,FALSE,TRUE,FALSE
7,2,"LSE",TRUE,1.13939946867774,4085.11399867566,420.772868458617,0.147704034577377,0.147704034577377,0.381,18406.0994335498,-12203.4795197882,-0.653152515325582,0.653152515325582,0.86,0,3,FALSE,FALSE,TRUE
7,2,"Huber",TRUE,1.00676429765635,2198.50747659297,-1679.13196650437,-0.589426231185182,0.589426231185182,0.515,17474.8044868217,-17474.8044868217,-0.935283456401335,0.935283456401335,1,0,3,FALSE,FALSE,FALSE
7,2,"L1",TRUE,1.00630919257723,2174.51532417839,-1671.19135231891,-0.586638834848268,0.586638834848268,0.512,17509.7370965092,-17509.7370965092,-0.93715311348129,0.93715311348129,1,0,3,TRUE,FALSE,FALSE
7,4,"PMM-auto",TRUE,1.13939946867774,4085.11399867566,420.772868458617,0.147704034577377,0.147704034577377,0.381,18406.0994335498,-12203.4795197882,-0.653152515325582,0.653152515325582,0.86,0,3,FALSE,FALSE,TRUE
7,4,"PMM-relaxed",TRUE,1.16831841438078,3933.75675314924,388.436223114519,0.136352891621043,0.136352891621043,0.373,17962.1970115172,-12767.6358117725,-0.683347190585934,0.683347190585934,0.86,0,3,FALSE,TRUE,FALSE
7,4,"LSE",TRUE,1.13939946867774,4085.11399867566,420.772868458617,0.147704034577377,0.147704034577377,0.381,18406.0994335498,-12203.4795197882,-0.653152515325582,0.653152515325582,0.86,0,3,FALSE,FALSE,TRUE
7,4,"Huber",TRUE,1.00676429765635,2198.50747659298,-1679.13196650438,-0.589426231185183,0.589426231185183,0.515,17474.8044868217,-17474.8044868217,-0.935283456401335,0.935283456401335,1,0,3,FALSE,FALSE,FALSE
7,4,"L1",TRUE,1.00635062193618,2177.29510224632,-1669.22503766933,-0.585948598788001,0.585948598788001,0.518,17510.3393483986,-17510.3393483986,-0.937185347102514,0.937185347102514,1,0,3,TRUE,FALSE,FALSE
7,8,"PMM-auto",TRUE,1.13939946867774,4085.11399867566,420.772868458617,0.147704034577377,0.147704034577377,0.381,18406.0994335498,-12203.4795197882,-0.653152515325582,0.653152515325582,0.86,0,3,FALSE,FALSE,TRUE
7,8,"PMM-relaxed",TRUE,1.15032437108949,4122.62075921586,349.034978580333,0.122521860151765,0.122521860151765,0.367,17995.0799564694,-12508.2690680518,-0.669465408691,0.669465408691,0.89,0,3,FALSE,TRUE,FALSE
7,8,"LSE",TRUE,1.13939946867774,4085.11399867566,420.772868458617,0.147704034577377,0.147704034577377,0.381,18406.0994335498,-12203.4795197882,-0.653152515325582,0.653152515325582,0.86,0,3,FALSE,FALSE,TRUE
7,8,"Huber",TRUE,1.00676429765635,2198.50747659298,-1679.13196650438,-0.589426231185183,0.589426231185183,0.515,17474.8044868217,-17474.8044868217,-0.935283456401335,0.935283456401335,1,0,3,FALSE,FALSE,FALSE
7,8,"L1",TRUE,1.00630919257723,2174.51532417839,-1671.19135231891,-0.586638834848268,0.586638834848268,0.512,17509.7370965092,-17509.7370965092,-0.93715311348129,0.93715311348129,1,0,3,TRUE,FALSE,FALSE
7,16,"PMM-auto",TRUE,1.13939946867774,4085.11399867566,420.772868458617,0.147704034577377,0.147704034577377,0.381,18406.0994335498,-12203.4795197882,-0.653152515325582,0.653152515325582,0.86,0,3,FALSE,FALSE,TRUE
7,16,"PMM-relaxed",TRUE,1.15032437108949,4122.62075921586,349.034978580333,0.122521860151765,0.122521860151765,0.367,17995.0799564694,-12508.2690680518,-0.669465408691,0.669465408691,0.89,0,3,FALSE,TRUE,FALSE
7,16,"LSE",TRUE,1.13939946867774,4085.11399867566,420.772868458617,0.147704034577377,0.147704034577377,0.381,18406.0994335498,-12203.4795197882,-0.653152515325582,0.653152515325582,0.86,0,3,FALSE,FALSE,TRUE
7,16,"Huber",TRUE,1.00642967136183,2194.75806971485,-1684.98200481066,-0.59147977200267,0.59147977200267,0.51,17477.6331556072,-17477.6331556072,-0.935434851921709,0.935434851921709,1,0,3,FALSE,FALSE,FALSE
7,16,"L1",TRUE,1.00630906594045,2173.28102802035,-1672.90197889006,-0.58723931664059,0.58723931664059,0.527,17511.1600616583,-17511.1600616583,-0.937229273175324,0.937229273175324,1,0,3,TRUE,FALSE,FALSE
8,1,"PMM-auto",TRUE,1.00584908084481,2997.85792619566,-534.164758388687,-0.183563451206916,0.183563451206916,0.213,16977.9338001294,-16754.1824742243,-0.876180775881908,0.876180775881908,0.92,0,3,FALSE,FALSE,TRUE
8,1,"PMM-relaxed",TRUE,1.00584908084481,2997.85792619566,-534.164758388687,-0.183563451206916,0.183563451206916,0.213,16977.9338001294,-16754.1824742243,-0.876180775881908,0.876180775881908,0.92,0,3,FALSE,FALSE,TRUE
8,1,"LSE",TRUE,1.08816570551631,3106.15425721679,-400.607411218494,-0.137667035923819,0.137667035923819,0.186,17066.7405296557,-16835.8984228822,-0.880454212882322,0.880454212882322,0.96,0,3,FALSE,TRUE,FALSE
8,1,"Huber",TRUE,1.00575890470602,2252.39411762555,-1765.15103443051,-0.606586658316663,0.606586658316663,0.546,17942.1687960885,-17942.1687960885,-0.93830799568684,0.93830799568684,1,0,3,TRUE,FALSE,FALSE
8,1,"L1",TRUE,1.00583399776833,2237.85874129431,-1728.50939175158,-0.593994913387019,0.593994913387019,0.505,17882.6310301202,-17882.6310301202,-0.935194394288468,0.935194394288468,1,0,3,FALSE,FALSE,FALSE
8,2,"PMM-auto",TRUE,1.00186677110698,2915.1580815189,-581.878144333518,-0.199959953700304,0.199959953700304,0.192,17061.1100009875,-16557.5753514958,-0.865898962274996,0.865898962274996,0.96,0.166666666666667,3,FALSE,FALSE,TRUE
8,2,"PMM-relaxed",TRUE,1.00186677110698,2915.1580815189,-581.878144333518,-0.199959953700304,0.199959953700304,0.192,17061.1100009875,-16557.5753514958,-0.865898962274996,0.865898962274996,0.96,0.166666666666667,3,FALSE,FALSE,TRUE
8,2,"LSE",TRUE,1.00160589267483,3008.80652984305,-505.71570979868,-0.173787056450945,0.173787056450945,0.214,16837.5893975267,-16650.2209562338,-0.870743979211294,0.870743979211294,0.95,0,3,TRUE,TRUE,FALSE
8,2,"Huber",TRUE,1.00575890470602,2252.39411762555,-1765.15103443051,-0.606586658316663,0.606586658316663,0.546,17942.1687960885,-17942.1687960885,-0.93830799568684,0.93830799568684,1,0,3,FALSE,FALSE,FALSE
8,2,"L1",TRUE,1.00588060330361,2242.88884631529,-1725.50511067797,-0.592962504951967,0.592962504951967,0.521,17876.0356054613,-17876.0356054613,-0.934849478366501,0.934849478366501,1,0,3,FALSE,FALSE,FALSE
8,4,"PMM-auto",TRUE,1.00035542936039,2797.15656037029,-632.248259654196,-0.217269429963481,0.217269429963481,0.18,16743.1510560601,-16588.0434682118,-0.86749233027042,0.86749233027042,0.99,0.222222222222222,3,TRUE,FALSE,FALSE
8,4,"PMM-relaxed",TRUE,1.00035542936039,2797.15656037029,-632.248259654196,-0.217269429963481,0.217269429963481,0.18,16743.1510560601,-16588.0434682118,-0.86749233027042,0.86749233027042,0.99,0.222222222222222,3,TRUE,FALSE,FALSE
8,4,"LSE",TRUE,1.00045164976404,2857.15723615828,-575.537120709912,-0.197780887855443,0.197780887855443,0.182,16690.0910416446,-16573.04299916,-0.866707862115518,0.866707862115518,0.96,0,3,FALSE,TRUE,TRUE
8,4,"Huber",TRUE,1.00595819094395,2254.76844084046,-1765.08450124439,-0.606563794469747,0.606563794469747,0.547,17957.8333320242,-17957.8333320242,-0.939127192043994,0.939127192043994,1,0,3,FALSE,FALSE,FALSE
8,4,"L1",TRUE,1.00593866717882,2244.7386311468,-1733.32090100945,-0.59564836811427,0.59564836811427,0.502,17945.8713313411,-17945.8713313411,-0.938501624365252,0.938501624365252,1,0,3,FALSE,FALSE,FALSE
8,8,"PMM-auto",TRUE,1.03350340198715,3027.00476941376,-546.63537193115,-0.187848924601729,0.187848924601729,0.215,18092.4482194131,-15823.6882047058,-0.827519422678035,0.827519422678035,0.99,0.277777777777778,3,FALSE,TRUE,TRUE
8,8,"PMM-relaxed",TRUE,1.03350340198715,3027.00476941376,-546.63537193115,-0.187848924601729,0.187848924601729,0.215,18092.4482194131,-15823.6882047058,-0.827519422678035,0.827519422678035,0.99,0.277777777777778,3,FALSE,TRUE,TRUE
8,8,"LSE",TRUE,1.00051484696215,2848.82824170185,-605.61631425254,-0.208117475002938,0.208117475002938,0.187,16780.4936646428,-16661.7918091269,-0.871349091330676,0.871349091330676,0.97,0,3,TRUE,FALSE,FALSE
8,8,"Huber",TRUE,1.00584300336445,2251.74017422414,-1761.78287658923,-0.605429205175389,0.605429205175389,0.548,17937.5531016994,-17937.5531016994,-0.938066612217534,0.938066612217534,1,0,3,FALSE,FALSE,FALSE
8,8,"L1",TRUE,1.0059386407404,2244.73675880059,-1733.33009059353,-0.595651526075821,0.595651526075821,0.502,17945.878504116,-17945.878504116,-0.938501999474423,0.938501999474423,1,0,3,FALSE,FALSE,FALSE
8,16,"PMM-auto",TRUE,1.03350340198715,3027.00476941376,-546.63537193115,-0.187848924601729,0.187848924601729,0.215,18092.4482194131,-15823.6882047058,-0.827519422678035,0.827519422678035,0.99,0.277777777777778,3,FALSE,TRUE,TRUE
8,16,"PMM-relaxed",TRUE,1.03350340198715,3027.00476941376,-546.63537193115,-0.187848924601729,0.187848924601729,0.215,18092.4482194131,-15823.6882047058,-0.827519422678035,0.827519422678035,0.99,0.277777777777778,3,FALSE,TRUE,TRUE
8,16,"LSE",TRUE,1.00051484696215,2848.82824170185,-605.61631425254,-0.208117475002938,0.208117475002938,0.187,16780.4936646428,-16661.7918091269,-0.871349091330676,0.871349091330676,0.97,0,3,TRUE,FALSE,FALSE
8,16,"Huber",TRUE,1.00584300336445,2251.74017422414,-1761.78287658923,-0.605429205175389,0.605429205175389,0.548,17937.5531016994,-17937.5531016994,-0.938066612217534,0.938066612217534,1,0,3,FALSE,FALSE,FALSE
8,16,"L1",TRUE,1.0059386407404,2244.73675880059,-1733.33009059353,-0.595651526075821,0.595651526075821,0.502,17945.878504116,-17945.878504116,-0.938501999474423,0.938501999474423,1,0,3,FALSE,FALSE,FALSE
9,1,"PMM-auto",TRUE,0.998071526571925,3365.52957649295,-695.831844023013,-0.21804398279921,0.21804398279921,0.171,20056.4011528,-19765.2042377183,-0.878713640440908,0.878713640440908,0.93,0,3,TRUE,FALSE,FALSE
9,1,"PMM-relaxed",TRUE,0.998071526571925,3365.52957649295,-695.831844023013,-0.21804398279921,0.21804398279921,0.171,20056.4011528,-19765.2042377183,-0.878713640440908,0.878713640440908,0.93,0,3,TRUE,FALSE,FALSE
9,1,"LSE",TRUE,0.998814513876607,3311.63151811325,-667.150299774901,-0.209056411743919,0.209056411743919,0.152,19698.3244428846,-19555.4944286876,-0.869390444610841,0.869390444610841,0.89,0,3,FALSE,TRUE,TRUE
9,1,"Huber",TRUE,1.00045980976724,2570.47479258418,-2012.03580189534,-0.630486091644506,0.630486091644506,0.484,21275.3981641213,-21275.3981641213,-0.9458532453183,0.9458532453183,1,0,3,FALSE,FALSE,FALSE
9,1,"L1",TRUE,1.00067921753296,2542.19907042011,-2015.37285232261,-0.63153178073191,0.63153178073191,0.472,21320.7034608176,-21320.7034608176,-0.94786741029795,0.94786741029795,1,0,3,FALSE,FALSE,FALSE
9,2,"PMM-auto",TRUE,0.999271343736855,3303.05275771623,-691.58371105268,-0.216712799352704,0.216712799352704,0.157,19789.0780228454,-19617.3595477299,-0.872140819629292,0.872140819629292,0.96,0.0555555555555556,3,FALSE,FALSE,FALSE
9,2,"PMM-relaxed",TRUE,0.999271343736855,3303.05275771623,-691.58371105268,-0.216712799352704,0.216712799352704,0.157,19789.0780228454,-19617.3595477299,-0.872140819629292,0.872140819629292,0.96,0.0555555555555556,3,FALSE,FALSE,FALSE
9,2,"LSE",TRUE,0.998814513876607,3311.63151811325,-667.150299774899,-0.209056411743918,0.209056411743918,0.152,19698.3244428845,-19555.4944286876,-0.869390444610841,0.869390444610841,0.89,0,3,TRUE,TRUE,TRUE
9,2,"Huber",TRUE,1.00045980976724,2570.47479258418,-2012.03580189534,-0.630486091644506,0.630486091644506,0.484,21275.3981641213,-21275.3981641213,-0.9458532453183,0.9458532453183,1,0,3,FALSE,FALSE,FALSE
9,2,"L1",TRUE,1.00067921753296,2542.19907042011,-2015.37285232261,-0.63153178073191,0.63153178073191,0.472,21320.7034608176,-21320.7034608176,-0.94786741029795,0.94786741029795,1,0,3,FALSE,FALSE,FALSE
9,4,"PMM-auto",TRUE,0.999327790028529,3308.99237254416,-687.121932295516,-0.215314668440853,0.215314668440853,0.152,19833.926169883,-19634.9252315081,-0.872921747858209,0.872921747858209,0.93,0.0555555555555556,3,FALSE,FALSE,TRUE
9,4,"PMM-relaxed",TRUE,0.999327790028529,3308.99237254416,-687.121932295516,-0.215314668440853,0.215314668440853,0.152,19833.926169883,-19634.9252315081,-0.872921747858209,0.872921747858209,0.93,0.0555555555555556,3,FALSE,FALSE,TRUE
9,4,"LSE",TRUE,0.997696501490274,3353.92033381954,-661.85239574759,-0.207396274881076,0.207396274881076,0.153,19895.0300587539,-19687.8400414274,-0.875274213570084,0.875274213570084,0.94,0,3,TRUE,TRUE,FALSE
9,4,"Huber",TRUE,1.00045980976724,2570.47479258418,-2012.03580189534,-0.630486091644506,0.630486091644506,0.484,21275.3981641213,-21275.3981641213,-0.9458532453183,0.9458532453183,1,0,3,FALSE,FALSE,FALSE
9,4,"L1",TRUE,1.0039229780202,2673.08948635841,-1893.1092854853,-0.593219600435139,0.593219600435139,0.478,21309.1846869978,-21309.1846869978,-0.947355313202728,0.947355313202728,1,0,3,FALSE,FALSE,FALSE
9,8,"PMM-auto",TRUE,0.999327790028529,3308.99237254416,-687.121932295516,-0.215314668440853,0.215314668440853,0.152,19833.926169883,-19634.9252315081,-0.872921747858209,0.872921747858209,0.93,0.0555555555555556,3,FALSE,FALSE,TRUE
9,8,"PMM-relaxed",TRUE,0.999327790028529,3308.99237254416,-687.121932295516,-0.215314668440853,0.215314668440853,0.152,19833.926169883,-19634.9252315081,-0.872921747858209,0.872921747858209,0.93,0.0555555555555556,3,FALSE,FALSE,TRUE
9,8,"LSE",TRUE,0.997696501490274,3353.92033381954,-661.85239574759,-0.207396274881076,0.207396274881076,0.153,19895.0300587539,-19687.8400414274,-0.875274213570084,0.875274213570084,0.94,0,3,TRUE,TRUE,FALSE
9,8,"Huber",TRUE,1.00045980976724,2570.47479258418,-2012.03580189534,-0.630486091644506,0.630486091644506,0.484,21275.3981641213,-21275.3981641213,-0.9458532453183,0.9458532453183,1,0,3,FALSE,FALSE,FALSE
9,8,"L1",TRUE,1.00065324584848,2541.82832301447,-2015.08008879992,-0.631440041147046,0.631440041147046,0.473,21311.8217525885,-21311.8217525885,-0.947472550822811,0.947472550822811,1,0,3,FALSE,FALSE,FALSE
9,16,"PMM-auto",TRUE,0.999327790028529,3308.99237254416,-687.121932295516,-0.215314668440853,0.215314668440853,0.152,19833.926169883,-19634.9252315081,-0.872921747858209,0.872921747858209,0.93,0.0555555555555556,3,FALSE,FALSE,TRUE
9,16,"PMM-relaxed",TRUE,0.999327790028529,3308.99237254416,-687.121932295516,-0.215314668440853,0.215314668440853,0.152,19833.926169883,-19634.9252315081,-0.872921747858209,0.872921747858209,0.93,0.0555555555555556,3,FALSE,FALSE,TRUE
9,16,"LSE",TRUE,0.997696501490274,3353.92033381954,-661.85239574759,-0.207396274881076,0.207396274881076,0.153,19895.0300587539,-19687.8400414274,-0.875274213570084,0.875274213570084,0.94,0,3,TRUE,TRUE,FALSE
9,16,"Huber",TRUE,1.00045980976724,2570.47479258418,-2012.03580189534,-0.630486091644506,0.630486091644506,0.484,21275.3981641213,-21275.3981641213,-0.9458532453183,0.9458532453183,1,0,3,FALSE,FALSE,FALSE
9,16,"L1",TRUE,1.00065324584848,2541.82832301447,-2015.08008879992,-0.631440041147046,0.631440041147046,0.473,21311.8217525885,-21311.8217525885,-0.947472550822811,0.947472550822811,1,0,3,FALSE,FALSE,FALSE
10,1,"PMM-auto",TRUE,1.00019205882624,3766.39420129986,-1107.51767904041,-0.305328610768757,0.305328610768757,0.167,24088.9094507242,-23792.6513431693,-0.894723386669411,0.894723386669411,0.94,0.0555555555555556,3,TRUE,FALSE,FALSE
10,1,"PMM-relaxed",TRUE,1.00019205882624,3766.39420129986,-1107.51767904041,-0.305328610768757,0.305328610768757,0.167,24088.9094507242,-23792.6513431693,-0.894723386669411,0.894723386669411,0.94,0.0555555555555556,3,TRUE,FALSE,FALSE
10,1,"LSE",TRUE,1.00029346444474,3773.8853061211,-1085.35457693286,-0.299218523945867,0.299218523945867,0.169,24044.4825565675,-23721.8546245548,-0.892061073885088,0.892061073885088,0.95,0,3,FALSE,TRUE,TRUE
10,1,"Huber",TRUE,1.00095501482079,2992.58498327025,-2458.9927499932,-0.67791318771217,0.67791318771217,0.499,25380.6865533498,-25380.6865533498,-0.954441499666131,0.954441499666131,1,0,3,FALSE,FALSE,FALSE
10,1,"L1",TRUE,1.00121087974914,2977.76619779731,-2443.74317917437,-0.673709073989158,0.673709073989158,0.491,25405.6162226844,-25405.6162226844,-0.955378980649395,0.955378980649395,1,0,3,FALSE,FALSE,FALSE
10,2,"PMM-auto",TRUE,1.00019205882624,3766.39420129986,-1107.51767904041,-0.305328610768757,0.305328610768757,0.167,24088.9094507242,-23792.6513431693,-0.894723386669411,0.894723386669411,0.94,0.0555555555555556,3,TRUE,FALSE,FALSE
10,2,"PMM-relaxed",TRUE,1.00019205882624,3766.39420129986,-1107.51767904041,-0.305328610768757,0.305328610768757,0.167,24088.9094507242,-23792.6513431693,-0.894723386669411,0.894723386669411,0.94,0.0555555555555556,3,TRUE,FALSE,FALSE
10,2,"LSE",TRUE,1.00029346444474,3773.8853061211,-1085.35457693286,-0.299218523945867,0.299218523945867,0.169,24044.4825565675,-23721.8546245548,-0.892061073885088,0.892061073885088,0.95,0,3,FALSE,TRUE,TRUE
10,2,"Huber",TRUE,1.00095501482079,2992.58498327025,-2458.9927499932,-0.67791318771217,0.67791318771217,0.499,25380.6865533498,-25380.6865533498,-0.954441499666131,0.954441499666131,1,0,3,FALSE,FALSE,FALSE
10,2,"L1",TRUE,1.00121087974914,2977.76619779731,-2443.74317917437,-0.673709073989158,0.673709073989158,0.491,25405.6162226844,-25405.6162226844,-0.955378980649395,0.955378980649395,1,0,3,FALSE,FALSE,FALSE
10,4,"PMM-auto",TRUE,1.00080638703298,3821.98846328126,-1086.94394409435,-0.299656692362137,0.299656692362137,0.172,24257.4740640239,-23927.9795258592,-0.89981240714812,0.89981240714812,0.95,0,3,FALSE,FALSE,FALSE
10,4,"PMM-relaxed",TRUE,1.00080638703298,3821.98846328126,-1086.94394409435,-0.299656692362137,0.299656692362137,0.172,24257.4740640239,-23927.9795258592,-0.89981240714812,0.89981240714812,0.95,0,3,FALSE,FALSE,FALSE
10,4,"LSE",TRUE,1.00076167598327,3808.61002894807,-1069.28900596314,-0.294789449306047,0.294789449306047,0.165,24178.4650389588,-23757.9033045964,-0.8934166856085,0.8934166856085,0.94,0,3,TRUE,TRUE,TRUE
10,4,"Huber",TRUE,1.00106678681692,2991.44032707571,-2460.60448275568,-0.678357522041645,0.678357522041645,0.502,25390.8665903668,-25390.8665903668,-0.954824320271744,0.954824320271744,1,0,3,FALSE,FALSE,FALSE
10,4,"L1",TRUE,1.00121087974914,2977.76619779731,-2443.74317917437,-0.673709073989158,0.673709073989158,0.491,25405.6162226844,-25405.6162226844,-0.955378980649395,0.955378980649395,1,0,3,FALSE,FALSE,FALSE
10,8,"PMM-auto",TRUE,1.00080638703298,3821.98846328126,-1086.94394409435,-0.299656692362137,0.299656692362137,0.172,24257.4740640239,-23927.9795258592,-0.89981240714812,0.89981240714812,0.95,0,3,TRUE,TRUE,FALSE
10,8,"PMM-relaxed",TRUE,1.00080638703298,3821.98846328126,-1086.94394409435,-0.299656692362137,0.299656692362137,0.172,24257.4740640239,-23927.9795258592,-0.89981240714812,0.89981240714812,0.95,0,3,TRUE,TRUE,FALSE
10,8,"LSE",TRUE,1.00109043239622,3814.29741126518,-1090.97288128773,-0.300767419368497,0.300767419368497,0.171,24304.6172855958,-23697.780291169,-0.891155757836531,0.891155757836531,0.96,0,3,FALSE,FALSE,TRUE
10,8,"Huber",TRUE,1.0010136721268,2990.07825975513,-2460.61015275157,-0.678359085187772,0.678359085187772,0.499,25385.4584658657,-25385.4584658657,-0.954620947583289,0.954620947583289,1,0,3,FALSE,FALSE,FALSE
10,8,"L1",TRUE,1.0019751427597,3022.61283364163,-2401.13847148103,-0.661963495152451,0.661963495152451,0.488,25395.9034388899,-25395.9034388899,-0.955013731115609,0.955013731115609,1,0,3,FALSE,FALSE,FALSE
10,16,"PMM-auto",TRUE,1.00080638703298,3821.98846328126,-1086.94394409435,-0.299656692362137,0.299656692362137,0.172,24257.4740640239,-23927.9795258592,-0.89981240714812,0.89981240714812,0.95,0,3,TRUE,TRUE,FALSE
10,16,"PMM-relaxed",TRUE,1.00080638703298,3821.98846328126,-1086.94394409435,-0.299656692362137,0.299656692362137,0.172,24257.4740640239,-23927.9795258592,-0.89981240714812,0.89981240714812,0.95,0,3,TRUE,TRUE,FALSE
10,16,"LSE",TRUE,1.00109043239622,3814.29741126518,-1090.97288128773,-0.300767419368497,0.300767419368497,0.171,24304.6172855958,-23697.780291169,-0.891155757836531,0.891155757836531,0.96,0,3,FALSE,FALSE,TRUE
10,16,"Huber",TRUE,1.0010136721268,2990.07825975513,-2460.61015275157,-0.678359085187772,0.678359085187772,0.499,25385.4584658657,-25385.4584658657,-0.954620947583289,0.954620947583289,1,0,3,FALSE,FALSE,FALSE
10,16,"L1",TRUE,1.00117677597796,2972.41416252323,-2452.79913296411,-0.676205685864649,0.676205685864649,0.498,25413.6487199753,-25413.6487199753,-0.955681042957454,0.955681042957454,1,0,3,FALSE,FALSE,FALSE
