"method","criterion_label","interval_type","emission_decile","n","observed_mean","predicted_mean","coverage","upper_miss_rate","mean_width"
"PMM","MSE","equal_tail_95",1,738,1.11788945799458,1.27389696513155,0.98509485094851,0,3.20154619545518
"PMM","MSE","equal_tail_95",2,738,1.56605528455285,1.4067439815232,0.994579945799458,0,3.20154619545518
"PMM","MSE","equal_tail_95",3,738,1.80477628726287,1.52588203468472,0.991869918699187,0.00677506775067751,3.20154619545518
"PMM","MSE","equal_tail_95",4,738,2.02039891598916,1.71667911227943,0.978319783197832,0.0149051490514905,3.20154619545518
"PMM","MSE","equal_tail_95",5,739,2.33196211096076,1.97579807242175,0.914749661705007,0.0730717185385656,3.20154619545518
"PMM","MSE","equal_tail_95",6,738,2.74030460704607,2.63853186589126,0.747967479674797,0.234417344173442,3.20154619545518
"PMM","MSE","equal_tail_95",7,738,3.21216775067751,2.75555717611685,0.738482384823848,0.242547425474255,3.20154619545518
"PMM","MSE","equal_tail_95",8,738,3.71855785907859,3.51408176572475,0.731707317073171,0.230352303523035,3.20154619545518
"PMM","MSE","equal_tail_95",9,738,4.6273337398374,5.46102683242292,0.718157181571816,0.193766937669377,3.20154619545518
"PMM","MSE","equal_tail_95",10,739,8.1443201623816,8.69019002572452,0.663058186738836,0.244925575101488,3.20154619545518
"PMM","MSE","abs_residual_95",1,738,1.11788945799458,1.27389696513155,0.976964769647697,0,3.65277104816695
"PMM","MSE","abs_residual_95",2,738,1.56605528455285,1.4067439815232,0.990514905149051,0,3.65277104816695
"PMM","MSE","abs_residual_95",3,738,1.80477628726287,1.52588203468472,0.998644986449865,0,3.65277104816695
"PMM","MSE","abs_residual_95",4,738,2.02039891598916,1.71667911227943,0.990514905149051,0,3.65277104816695
"PMM","MSE","abs_residual_95",5,739,2.33196211096076,1.97579807242175,0.9851150202977,0,3.65277104816695
"PMM","MSE","abs_residual_95",6,738,2.74030460704607,2.63853186589126,0.975609756097561,0.0040650406504065,3.65277104816695
"PMM","MSE","abs_residual_95",7,738,3.21216775067751,2.75555717611685,0.964769647696477,0.0121951219512195,3.65277104816695
"PMM","MSE","abs_residual_95",8,738,3.71855785907859,3.51408176572475,0.929539295392954,0.0230352303523035,3.65277104816695
"PMM","MSE","abs_residual_95",9,738,4.6273337398374,5.46102683242292,0.821138211382114,0.0623306233062331,3.65277104816695
"PMM","MSE","abs_residual_95",10,739,8.1443201623816,8.69019002572452,0.734776725304465,0.143437077131258,3.65277104816695
"PMM","MSE","upper_95",1,738,1.11788945799458,1.27389696513155,0.998644986449865,0.0013550135501355,NA
"PMM","MSE","upper_95",2,738,1.56605528455285,1.4067439815232,0.986449864498645,0.013550135501355,NA
"PMM","MSE","upper_95",3,738,1.80477628726287,1.52588203468472,0.897018970189702,0.102981029810298,NA
"PMM","MSE","upper_95",4,738,2.02039891598916,1.71667911227943,0.795392953929539,0.204607046070461,NA
"PMM","MSE","upper_95",5,739,2.33196211096076,1.97579807242175,0.622462787550744,0.377537212449256,NA
"PMM","MSE","upper_95",6,738,2.74030460704607,2.63853186589126,0.529810298102981,0.470189701897019,NA
"PMM","MSE","upper_95",7,738,3.21216775067751,2.75555717611685,0.514905149051491,0.485094850948509,NA
"PMM","MSE","upper_95",8,738,3.71855785907859,3.51408176572475,0.467479674796748,0.532520325203252,NA
"PMM","MSE","upper_95",9,738,4.6273337398374,5.46102683242292,0.750677506775068,0.249322493224932,NA
"PMM","MSE","upper_95",10,739,8.1443201623816,8.69019002572452,0.696887686062246,0.303112313937754,NA
"LSE","MSE","equal_tail_95",1,738,1.11788945799458,0.886256450683512,0.998644986449865,0,3.34249994969359
"LSE","MSE","equal_tail_95",2,738,1.56605528455285,0.971785503927364,0.994579945799458,0.0040650406504065,3.34249994969359
"LSE","MSE","equal_tail_95",3,738,1.80477628726287,1.07257646636163,0.997289972899729,0.002710027100271,3.34249994969359
"LSE","MSE","equal_tail_95",4,738,2.02039891598916,1.21856548245935,0.990514905149051,0.00948509485094851,3.34249994969359
"LSE","MSE","equal_tail_95",5,739,2.33196211096076,1.28752767667614,0.857916102841678,0.136671177266576,3.34249994969359
"LSE","MSE","equal_tail_95",6,738,2.74030460704607,1.54946351943168,0.62059620596206,0.372628726287263,3.34249994969359
"LSE","MSE","equal_tail_95",7,738,3.21216775067751,1.81434333410175,0.639566395663957,0.35230352303523,3.34249994969359
"LSE","MSE","equal_tail_95",8,738,3.71855785907859,2.45141463214293,0.529810298102981,0.452574525745257,3.34249994969359
"LSE","MSE","equal_tail_95",9,738,4.6273337398374,3.8691463695007,0.699186991869919,0.260162601626016,3.34249994969359
"LSE","MSE","equal_tail_95",10,739,8.1443201623816,6.36865725191151,0.584573748308525,0.388362652232747,3.34249994969359
"LSE","MSE","abs_residual_95",1,738,1.11788945799458,0.886256450683512,0.998644986449865,0,3.3098390670344
"LSE","MSE","abs_residual_95",2,738,1.56605528455285,0.971785503927364,0.993224932249323,0.00542005420054201,3.3098390670344
"LSE","MSE","abs_residual_95",3,738,1.80477628726287,1.07257646636163,0.994579945799458,0.00542005420054201,3.3098390670344
"LSE","MSE","abs_residual_95",4,738,2.02039891598916,1.21856548245935,0.98509485094851,0.0149051490514905,3.3098390670344
"LSE","MSE","abs_residual_95",5,739,2.33196211096076,1.28752767667614,0.803788903924222,0.190798376184032,3.3098390670344
"LSE","MSE","abs_residual_95",6,738,2.74030460704607,1.54946351943168,0.582655826558266,0.410569105691057,3.3098390670344
"LSE","MSE","abs_residual_95",7,738,3.21216775067751,1.81434333410175,0.585365853658537,0.40650406504065,3.3098390670344
"LSE","MSE","abs_residual_95",8,738,3.71855785907859,2.45141463214293,0.457994579945799,0.524390243902439,3.3098390670344
"LSE","MSE","abs_residual_95",9,738,4.6273337398374,3.8691463695007,0.680216802168022,0.281842818428184,3.3098390670344
"LSE","MSE","abs_residual_95",10,739,8.1443201623816,6.36865725191151,0.54127198917456,0.431664411366712,3.3098390670344
"LSE","MSE","upper_95",1,738,1.11788945799458,0.886256450683512,0.997289972899729,0.002710027100271,NA
"LSE","MSE","upper_95",2,738,1.56605528455285,0.971785503927364,0.983739837398374,0.016260162601626,NA
"LSE","MSE","upper_95",3,738,1.80477628726287,1.07257646636163,0.964769647696477,0.035230352303523,NA
"LSE","MSE","upper_95",4,738,2.02039891598916,1.21856548245935,0.752032520325203,0.247967479674797,NA
"LSE","MSE","upper_95",5,739,2.33196211096076,1.28752767667614,0.571041948579161,0.428958051420839,NA
"LSE","MSE","upper_95",6,738,2.74030460704607,1.54946351943168,0.466124661246612,0.533875338753388,NA
"LSE","MSE","upper_95",7,738,3.21216775067751,1.81434333410175,0.294037940379404,0.705962059620596,NA
"LSE","MSE","upper_95",8,738,3.71855785907859,2.45141463214293,0.315718157181572,0.684281842818428,NA
"LSE","MSE","upper_95",9,738,4.6273337398374,3.8691463695007,0.640921409214092,0.359078590785908,NA
"LSE","MSE","upper_95",10,739,8.1443201623816,6.36865725191151,0.382949932341001,0.617050067658999,NA
"Huber","MSE","equal_tail_95",1,738,1.11788945799458,1.26450618717833,0.986449864498645,0,2.94519918226217
"Huber","MSE","equal_tail_95",2,738,1.56605528455285,1.40786173895471,0.994579945799458,0,2.94519918226217
"Huber","MSE","equal_tail_95",3,738,1.80477628726287,1.53120601899684,0.994579945799458,0.0040650406504065,2.94519918226217
"Huber","MSE","equal_tail_95",4,738,2.02039891598916,1.70989369557053,0.989159891598916,0.00542005420054201,2.94519918226217
"Huber","MSE","equal_tail_95",5,739,2.33196211096076,1.94399272390591,0.959404600811908,0.0297699594046008,2.94519918226217
"Huber","MSE","equal_tail_95",6,738,2.74030460704607,2.24359675838343,0.799457994579946,0.188346883468835,2.94519918226217
"Huber","MSE","equal_tail_95",7,738,3.21216775067751,2.68659788542843,0.779132791327913,0.207317073170732,2.94519918226217
"Huber","MSE","equal_tail_95",8,738,3.71855785907859,3.32090213936733,0.808943089430894,0.173441734417344,2.94519918226217
"Huber","MSE","equal_tail_95",9,738,4.6273337398374,4.59228384991908,0.781842818428184,0.191056910569106,2.94519918226217
"Huber","MSE","equal_tail_95",10,739,8.1443201623816,7.56688360720751,0.706359945872801,0.25575101488498,2.94519918226217
"Huber","MSE","abs_residual_95",1,738,1.11788945799458,1.26450618717833,0.974254742547426,0,3.20076451612757
"Huber","MSE","abs_residual_95",2,738,1.56605528455285,1.40786173895471,0.990514905149051,0,3.20076451612757
"Huber","MSE","abs_residual_95",3,738,1.80477628726287,1.53120601899684,0.998644986449865,0,3.20076451612757
"Huber","MSE","abs_residual_95",4,738,2.02039891598916,1.70989369557053,0.993224932249323,0,3.20076451612757
"Huber","MSE","abs_residual_95",5,739,2.33196211096076,1.94399272390591,0.987821380243572,0,3.20076451612757
"Huber","MSE","abs_residual_95",6,738,2.74030460704607,2.24359675838343,0.975609756097561,0.00677506775067751,3.20076451612757
"Huber","MSE","abs_residual_95",7,738,3.21216775067751,2.68659788542843,0.949864498644986,0.0284552845528455,3.20076451612757
"Huber","MSE","abs_residual_95",8,738,3.71855785907859,3.32090213936733,0.922764227642276,0.048780487804878,3.20076451612757
"Huber","MSE","abs_residual_95",9,738,4.6273337398374,4.59228384991908,0.872628726287263,0.0880758807588076,3.20076451612757
"Huber","MSE","abs_residual_95",10,739,8.1443201623816,7.56688360720751,0.774018944519621,0.177266576454668,3.20076451612757
"Huber","MSE","upper_95",1,738,1.11788945799458,1.26450618717833,0.998644986449865,0.0013550135501355,NA
"Huber","MSE","upper_95",2,738,1.56605528455285,1.40786173895471,0.997289972899729,0.002710027100271,NA
"Huber","MSE","upper_95",3,738,1.80477628726287,1.53120601899684,0.96070460704607,0.0392953929539295,NA
"Huber","MSE","upper_95",4,738,2.02039891598916,1.70989369557053,0.875338753387534,0.124661246612466,NA
"Huber","MSE","upper_95",5,739,2.33196211096076,1.94399272390591,0.650879566982409,0.349120433017591,NA
"Huber","MSE","upper_95",6,738,2.74030460704607,2.24359675838343,0.546070460704607,0.453929539295393,NA
"Huber","MSE","upper_95",7,738,3.21216775067751,2.68659788542843,0.578590785907859,0.421409214092141,NA
"Huber","MSE","upper_95",8,738,3.71855785907859,3.32090213936733,0.489159891598916,0.510840108401084,NA
"Huber","MSE","upper_95",9,738,4.6273337398374,4.59228384991908,0.697831978319783,0.302168021680217,NA
"Huber","MSE","upper_95",10,739,8.1443201623816,7.56688360720751,0.683355886332882,0.316644113667118,NA
"L1","MSE","equal_tail_95",1,738,1.11788945799458,1.29555535316047,0.964769647696477,0,2.76539586210566
"L1","MSE","equal_tail_95",2,738,1.56605528455285,1.46606964770454,0.990514905149051,0,2.76539586210566
"L1","MSE","equal_tail_95",3,738,1.80477628726287,1.60718770617715,0.993224932249323,0.00542005420054201,2.76539586210566
"L1","MSE","equal_tail_95",4,738,2.02039891598916,1.80070851333868,0.989159891598916,0.0040650406504065,2.76539586210566
"L1","MSE","equal_tail_95",5,739,2.33196211096076,2.05599089707678,0.975642760487145,0.0121786197564276,2.76539586210566
"L1","MSE","equal_tail_95",6,738,2.74030460704607,2.37178466897164,0.952574525745257,0.0284552845528455,2.76539586210566
"L1","MSE","equal_tail_95",7,738,3.21216775067751,2.79639201236211,0.895663956639566,0.0867208672086721,2.76539586210566
"L1","MSE","equal_tail_95",8,738,3.71855785907859,3.38240685813849,0.872628726287263,0.10840108401084,2.76539586210566
"L1","MSE","equal_tail_95",9,738,4.6273337398374,4.49482736952304,0.822493224932249,0.154471544715447,2.76539586210566
"L1","MSE","equal_tail_95",10,739,8.1443201623816,6.97598204042537,0.634641407307172,0.342354533152909,2.76539586210566
"L1","MSE","abs_residual_95",1,738,1.11788945799458,1.29555535316047,0.953929539295393,0,2.85376190463875
"L1","MSE","abs_residual_95",2,738,1.56605528455285,1.46606964770454,0.990514905149051,0,2.85376190463875
"L1","MSE","abs_residual_95",3,738,1.80477628726287,1.60718770617715,0.995934959349594,0,2.85376190463875
"L1","MSE","abs_residual_95",4,738,2.02039891598916,1.80070851333868,0.991869918699187,0,2.85376190463875
"L1","MSE","abs_residual_95",5,739,2.33196211096076,2.05599089707678,0.9851150202977,0.0027063599458728,2.85376190463875
"L1","MSE","abs_residual_95",6,738,2.74030460704607,2.37178466897164,0.962059620596206,0.0121951219512195,2.85376190463875
"L1","MSE","abs_residual_95",7,738,3.21216775067751,2.79639201236211,0.949864498644986,0.029810298102981,2.85376190463875
"L1","MSE","abs_residual_95",8,738,3.71855785907859,3.38240685813849,0.910569105691057,0.0609756097560976,2.85376190463875
"L1","MSE","abs_residual_95",9,738,4.6273337398374,4.49482736952304,0.871273712737127,0.0989159891598916,2.85376190463875
"L1","MSE","abs_residual_95",10,739,8.1443201623816,6.97598204042537,0.683355886332882,0.290933694181326,2.85376190463875
"L1","MSE","upper_95",1,738,1.11788945799458,1.29555535316047,0.998644986449865,0.0013550135501355,NA
"L1","MSE","upper_95",2,738,1.56605528455285,1.46606964770454,0.991869918699187,0.00813008130081301,NA
"L1","MSE","upper_95",3,738,1.80477628726287,1.60718770617715,0.964769647696477,0.035230352303523,NA
"L1","MSE","upper_95",4,738,2.02039891598916,1.80070851333868,0.939024390243902,0.0609756097560976,NA
"L1","MSE","upper_95",5,739,2.33196211096076,2.05599089707678,0.817320703653586,0.182679296346414,NA
"L1","MSE","upper_95",6,738,2.74030460704607,2.37178466897164,0.644986449864499,0.355013550135501,NA
"L1","MSE","upper_95",7,738,3.21216775067751,2.79639201236211,0.688346883468835,0.311653116531165,NA
"L1","MSE","upper_95",8,738,3.71855785907859,3.38240685813849,0.611111111111111,0.388888888888889,NA
"L1","MSE","upper_95",9,738,4.6273337398374,4.49482736952304,0.697831978319783,0.302168021680217,NA
"L1","MSE","upper_95",10,739,8.1443201623816,6.97598204042537,0.514208389715832,0.485791610284168,NA
"PMM","ReserveTW4","equal_tail_95",1,738,1.11788945799458,1.30417669001736,0.989159891598916,0,3.11508490939328
"PMM","ReserveTW4","equal_tail_95",2,738,1.56605528455285,1.46218251011108,0.995934959349594,0,3.11508490939328
"PMM","ReserveTW4","equal_tail_95",3,738,1.80477628726287,1.58634890942172,0.990514905149051,0.00948509485094851,3.11508490939328
"PMM","ReserveTW4","equal_tail_95",4,738,2.02039891598916,1.77412774765085,0.976964769647697,0.018970189701897,3.11508490939328
"PMM","ReserveTW4","equal_tail_95",5,739,2.33196211096076,2.0389028340344,0.916102841677943,0.0730717185385656,3.11508490939328
"PMM","ReserveTW4","equal_tail_95",6,738,2.74030460704607,2.35791882373488,0.792682926829268,0.195121951219512,3.11508490939328
"PMM","ReserveTW4","equal_tail_95",7,738,3.21216775067751,2.78437064426627,0.735772357723577,0.252032520325203,3.11508490939328
"PMM","ReserveTW4","equal_tail_95",8,738,3.71855785907859,3.44489575187523,0.719512195121951,0.268292682926829,3.11508490939328
"PMM","ReserveTW4","equal_tail_95",9,738,4.6273337398374,4.85101844592797,0.769647696476965,0.214092140921409,3.11508490939328
"PMM","ReserveTW4","equal_tail_95",10,739,8.1443201623816,7.5806151845028,0.690121786197564,0.294993234100135,3.11508490939328
"PMM","ReserveTW4","abs_residual_95",1,738,1.11788945799458,1.30417669001736,0.981029810298103,0,3.55211491957705
"PMM","ReserveTW4","abs_residual_95",2,738,1.56605528455285,1.46218251011108,0.991869918699187,0,3.55211491957705
"PMM","ReserveTW4","abs_residual_95",3,738,1.80477628726287,1.58634890942172,0.998644986449865,0,3.55211491957705
"PMM","ReserveTW4","abs_residual_95",4,738,2.02039891598916,1.77412774765085,0.993224932249323,0,3.55211491957705
"PMM","ReserveTW4","abs_residual_95",5,739,2.33196211096076,2.0389028340344,0.987821380243572,0,3.55211491957705
"PMM","ReserveTW4","abs_residual_95",6,738,2.74030460704607,2.35791882373488,0.978319783197832,0.0040650406504065,3.55211491957705
"PMM","ReserveTW4","abs_residual_95",7,738,3.21216775067751,2.78437064426627,0.966124661246612,0.0121951219512195,3.55211491957705
"PMM","ReserveTW4","abs_residual_95",8,738,3.71855785907859,3.44489575187523,0.941734417344173,0.0230352303523035,3.55211491957705
"PMM","ReserveTW4","abs_residual_95",9,738,4.6273337398374,4.85101844592797,0.87940379403794,0.0663956639566396,3.55211491957705
"PMM","ReserveTW4","abs_residual_95",10,739,8.1443201623816,7.5806151845028,0.81190798376184,0.15426251691475,3.55211491957705
"PMM","ReserveTW4","upper_95",1,738,1.11788945799458,1.30417669001736,0.998644986449865,0.0013550135501355,NA
"PMM","ReserveTW4","upper_95",2,738,1.56605528455285,1.46218251011108,0.982384823848238,0.0176151761517615,NA
"PMM","ReserveTW4","upper_95",3,738,1.80477628726287,1.58634890942172,0.89159891598916,0.10840108401084,NA
"PMM","ReserveTW4","upper_95",4,738,2.02039891598916,1.77412774765085,0.808943089430894,0.191056910569106,NA
"PMM","ReserveTW4","upper_95",5,739,2.33196211096076,2.0389028340344,0.660351826792963,0.339648173207037,NA
"PMM","ReserveTW4","upper_95",6,738,2.74030460704607,2.35791882373488,0.533875338753388,0.466124661246612,NA
"PMM","ReserveTW4","upper_95",7,738,3.21216775067751,2.78437064426627,0.502710027100271,0.497289972899729,NA
"PMM","ReserveTW4","upper_95",8,738,3.71855785907859,3.44489575187523,0.451219512195122,0.548780487804878,NA
"PMM","ReserveTW4","upper_95",9,738,4.6273337398374,4.85101844592797,0.731707317073171,0.268292682926829,NA
"PMM","ReserveTW4","upper_95",10,739,8.1443201623816,7.5806151845028,0.653585926928281,0.346414073071719,NA
"LSE","ReserveTW4","equal_tail_95",1,738,1.11788945799458,1.34851828758402,0.997289972899729,0,3.58922889889429
"LSE","ReserveTW4","equal_tail_95",2,738,1.56605528455285,1.48249099738896,0.995934959349594,0.0013550135501355,3.58922889889429
"LSE","ReserveTW4","equal_tail_95",3,738,1.80477628726287,1.57926173919184,0.991869918699187,0.00813008130081301,3.58922889889429
"LSE","ReserveTW4","equal_tail_95",4,738,2.02039891598916,1.73658331027009,0.975609756097561,0.0230352303523035,3.58922889889429
"LSE","ReserveTW4","equal_tail_95",5,739,2.33196211096076,1.97840441535105,0.882273342354533,0.110960757780785,3.58922889889429
"LSE","ReserveTW4","equal_tail_95",6,738,2.74030460704607,2.28332401080269,0.63550135501355,0.353658536585366,3.58922889889429
"LSE","ReserveTW4","equal_tail_95",7,738,3.21216775067751,2.71788361467822,0.598915989159892,0.387533875338753,3.58922889889429
"LSE","ReserveTW4","equal_tail_95",8,738,3.71855785907859,3.43627874947627,0.540650406504065,0.44579945799458,3.58922889889429
"LSE","ReserveTW4","equal_tail_95",9,738,4.6273337398374,5.08542488282499,0.761517615176152,0.219512195121951,3.58922889889429
"LSE","ReserveTW4","equal_tail_95",10,739,8.1443201623816,8.18558080742585,0.788903924221922,0.186738836265223,3.58922889889429
"LSE","ReserveTW4","abs_residual_95",1,738,1.11788945799458,1.34851828758402,0.989159891598916,0,4.16820459013342
"LSE","ReserveTW4","abs_residual_95",2,738,1.56605528455285,1.48249099738896,0.995934959349594,0,4.16820459013342
"LSE","ReserveTW4","abs_residual_95",3,738,1.80477628726287,1.57926173919184,1,0,4.16820459013342
"LSE","ReserveTW4","abs_residual_95",4,738,2.02039891598916,1.73658331027009,0.994579945799458,0,4.16820459013342
"LSE","ReserveTW4","abs_residual_95",5,739,2.33196211096076,1.97840441535105,0.989174560216509,0,4.16820459013342
"LSE","ReserveTW4","abs_residual_95",6,738,2.74030460704607,2.28332401080269,0.98509485094851,0,4.16820459013342
"LSE","ReserveTW4","abs_residual_95",7,738,3.21216775067751,2.71788361467822,0.97289972899729,0.002710027100271,4.16820459013342
"LSE","ReserveTW4","abs_residual_95",8,738,3.71855785907859,3.43627874947627,0.949864498644986,0.00813008130081301,4.16820459013342
"LSE","ReserveTW4","abs_residual_95",9,738,4.6273337398374,5.08542488282499,0.880758807588076,0.056910569105691,4.16820459013342
"LSE","ReserveTW4","abs_residual_95",10,739,8.1443201623816,8.18558080742585,0.871447902571042,0.0771312584573748,4.16820459013342
"LSE","ReserveTW4","upper_95",1,738,1.11788945799458,1.34851828758402,0.998644986449865,0.0013550135501355,NA
"LSE","ReserveTW4","upper_95",2,738,1.56605528455285,1.48249099738896,0.982384823848238,0.0176151761517615,NA
"LSE","ReserveTW4","upper_95",3,738,1.80477628726287,1.57926173919184,0.892953929539295,0.107046070460705,NA
"LSE","ReserveTW4","upper_95",4,738,2.02039891598916,1.73658331027009,0.758807588075881,0.241192411924119,NA
"LSE","ReserveTW4","upper_95",5,739,2.33196211096076,1.97840441535105,0.535859269282815,0.464140730717185,NA
"LSE","ReserveTW4","upper_95",6,738,2.74030460704607,2.28332401080269,0.388888888888889,0.611111111111111,NA
"LSE","ReserveTW4","upper_95",7,738,3.21216775067751,2.71788361467822,0.342818428184282,0.657181571815718,NA
"LSE","ReserveTW4","upper_95",8,738,3.71855785907859,3.43627874947627,0.382113821138211,0.617886178861789,NA
"LSE","ReserveTW4","upper_95",9,738,4.6273337398374,5.08542488282499,0.739837398373984,0.260162601626016,NA
"LSE","ReserveTW4","upper_95",10,739,8.1443201623816,8.18558080742585,0.768606224627876,0.231393775372124,NA
"Huber","ReserveTW4","equal_tail_95",1,738,1.11788945799458,1.26516529828389,0.981029810298103,0,2.94328242036981
"Huber","ReserveTW4","equal_tail_95",2,738,1.56605528455285,1.42618798399972,0.990514905149051,0,2.94328242036981
"Huber","ReserveTW4","equal_tail_95",3,738,1.80477628726287,1.5562423478634,0.994579945799458,0.0040650406504065,2.94328242036981
"Huber","ReserveTW4","equal_tail_95",4,738,2.02039891598916,1.74372645758022,0.98780487804878,0.00542005420054201,2.94328242036981
"Huber","ReserveTW4","equal_tail_95",5,739,2.33196211096076,1.99132350069565,0.974289580514208,0.013531799729364,2.94328242036981
"Huber","ReserveTW4","equal_tail_95",6,738,2.74030460704607,2.30291912018758,0.936314363143631,0.048780487804878,2.94328242036981
"Huber","ReserveTW4","equal_tail_95",7,738,3.21216775067751,2.74645480307913,0.85230352303523,0.131436314363144,2.94328242036981
"Huber","ReserveTW4","equal_tail_95",8,738,3.71855785907859,3.37573208825979,0.857723577235772,0.119241192411924,2.94328242036981
"Huber","ReserveTW4","equal_tail_95",9,738,4.6273337398374,4.60366153128813,0.79810298102981,0.166666666666667,2.94328242036981
"Huber","ReserveTW4","equal_tail_95",10,739,8.1443201623816,7.47991892657694,0.690121786197564,0.265223274695535,2.94328242036981
"Huber","ReserveTW4","abs_residual_95",1,738,1.11788945799458,1.26516529828389,0.966124661246612,0,3.08132994470009
"Huber","ReserveTW4","abs_residual_95",2,738,1.56605528455285,1.42618798399972,0.990514905149051,0,3.08132994470009
"Huber","ReserveTW4","abs_residual_95",3,738,1.80477628726287,1.5562423478634,0.998644986449865,0,3.08132994470009
"Huber","ReserveTW4","abs_residual_95",4,738,2.02039891598916,1.74372645758022,0.991869918699187,0,3.08132994470009
"Huber","ReserveTW4","abs_residual_95",5,739,2.33196211096076,1.99132350069565,0.986468200270636,0.0013531799729364,3.08132994470009
"Huber","ReserveTW4","abs_residual_95",6,738,2.74030460704607,2.30291912018758,0.966124661246612,0.010840108401084,3.08132994470009
"Huber","ReserveTW4","abs_residual_95",7,738,3.21216775067751,2.74645480307913,0.951219512195122,0.0257452574525745,3.08132994470009
"Huber","ReserveTW4","abs_residual_95",8,738,3.71855785907859,3.37573208825979,0.913279132791328,0.0528455284552846,3.08132994470009
"Huber","ReserveTW4","abs_residual_95",9,738,4.6273337398374,4.60366153128813,0.853658536585366,0.0948509485094851,3.08132994470009
"Huber","ReserveTW4","abs_residual_95",10,739,8.1443201623816,7.47991892657694,0.723951285520974,0.215155615696888,3.08132994470009
"Huber","ReserveTW4","upper_95",1,738,1.11788945799458,1.26516529828389,0.998644986449865,0.0013550135501355,NA
"Huber","ReserveTW4","upper_95",2,738,1.56605528455285,1.42618798399972,0.993224932249323,0.00677506775067751,NA
"Huber","ReserveTW4","upper_95",3,738,1.80477628726287,1.5562423478634,0.964769647696477,0.035230352303523,NA
"Huber","ReserveTW4","upper_95",4,738,2.02039891598916,1.74372645758022,0.928184281842818,0.0718157181571816,NA
"Huber","ReserveTW4","upper_95",5,739,2.33196211096076,1.99132350069565,0.740189445196211,0.259810554803789,NA
"Huber","ReserveTW4","upper_95",6,738,2.74030460704607,2.30291912018758,0.584010840108401,0.415989159891599,NA
"Huber","ReserveTW4","upper_95",7,738,3.21216775067751,2.74645480307913,0.64769647696477,0.35230352303523,NA
"Huber","ReserveTW4","upper_95",8,738,3.71855785907859,3.37573208825979,0.588075880758808,0.411924119241192,NA
"Huber","ReserveTW4","upper_95",9,738,4.6273337398374,4.60366153128813,0.704607046070461,0.295392953929539,NA
"Huber","ReserveTW4","upper_95",10,739,8.1443201623816,7.47991892657694,0.653585926928281,0.346414073071719,NA
"L1","ReserveTW4","equal_tail_95",1,738,1.11788945799458,1.2992978203208,0.97289972899729,0,2.91964158078207
"L1","ReserveTW4","equal_tail_95",2,738,1.56605528455285,1.4855146943947,0.989159891598916,0.0013550135501355,2.91964158078207
"L1","ReserveTW4","equal_tail_95",3,738,1.80477628726287,1.62777702545402,0.991869918699187,0.00677506775067751,2.91964158078207
"L1","ReserveTW4","equal_tail_95",4,738,2.02039891598916,1.82572809120831,0.98509485094851,0.00813008130081301,2.91964158078207
"L1","ReserveTW4","equal_tail_95",5,739,2.33196211096076,2.08405436019696,0.972936400541272,0.0175913396481732,2.91964158078207
"L1","ReserveTW4","equal_tail_95",6,738,2.74030460704607,2.40945234326558,0.944444444444444,0.0420054200542005,2.91964158078207
"L1","ReserveTW4","equal_tail_95",7,738,3.21216775067751,2.85346486697764,0.873983739837398,0.111111111111111,2.91964158078207
"L1","ReserveTW4","equal_tail_95",8,738,3.71855785907859,3.45751311761496,0.867208672086721,0.115176151761518,2.91964158078207
"L1","ReserveTW4","equal_tail_95",9,738,4.6273337398374,4.65029460110969,0.81029810298103,0.16260162601626,2.91964158078207
"L1","ReserveTW4","equal_tail_95",10,739,8.1443201623816,7.44444344377034,0.702300405953992,0.271989174560216,2.91964158078207
"L1","ReserveTW4","abs_residual_95",1,738,1.11788945799458,1.2992978203208,0.96070460704607,0,3.11944801841366
"L1","ReserveTW4","abs_residual_95",2,738,1.56605528455285,1.4855146943947,0.990514905149051,0,3.11944801841366
"L1","ReserveTW4","abs_residual_95",3,738,1.80477628726287,1.62777702545402,0.995934959349594,0,3.11944801841366
"L1","ReserveTW4","abs_residual_95",4,738,2.02039891598916,1.82572809120831,0.991869918699187,0,3.11944801841366
"L1","ReserveTW4","abs_residual_95",5,739,2.33196211096076,2.08405436019696,0.9851150202977,0.0027063599458728,3.11944801841366
"L1","ReserveTW4","abs_residual_95",6,738,2.74030460704607,2.40945234326558,0.967479674796748,0.010840108401084,3.11944801841366
"L1","ReserveTW4","abs_residual_95",7,738,3.21216775067751,2.85346486697764,0.9579945799458,0.018970189701897,3.11944801841366
"L1","ReserveTW4","abs_residual_95",8,738,3.71855785907859,3.45751311761496,0.93360433604336,0.0365853658536585,3.11944801841366
"L1","ReserveTW4","abs_residual_95",9,738,4.6273337398374,4.65029460110969,0.873983739837398,0.0853658536585366,3.11944801841366
"L1","ReserveTW4","abs_residual_95",10,739,8.1443201623816,7.44444344377034,0.756427604871448,0.200270635994587,3.11944801841366
"L1","ReserveTW4","upper_95",1,738,1.11788945799458,1.2992978203208,0.993224932249323,0.00677506775067751,NA
"L1","ReserveTW4","upper_95",2,738,1.56605528455285,1.4855146943947,0.98509485094851,0.0149051490514905,NA
"L1","ReserveTW4","upper_95",3,738,1.80477628726287,1.62777702545402,0.959349593495935,0.040650406504065,NA
"L1","ReserveTW4","upper_95",4,738,2.02039891598916,1.82572809120831,0.940379403794038,0.0596205962059621,NA
"L1","ReserveTW4","upper_95",5,739,2.33196211096076,2.08405436019696,0.818673883626522,0.181326116373478,NA
"L1","ReserveTW4","upper_95",6,738,2.74030460704607,2.40945234326558,0.644986449864499,0.355013550135501,NA
"L1","ReserveTW4","upper_95",7,738,3.21216775067751,2.85346486697764,0.703252032520325,0.296747967479675,NA
"L1","ReserveTW4","upper_95",8,738,3.71855785907859,3.45751311761496,0.669376693766938,0.330623306233062,NA
"L1","ReserveTW4","upper_95",9,738,4.6273337398374,4.65029460110969,0.719512195121951,0.280487804878049,NA
"L1","ReserveTW4","upper_95",10,739,8.1443201623816,7.44444344377034,0.644113667117727,0.355886332882273,NA
